Date,Time,Symbol,Side,Entry,StopLoss,SwingRef,SL_Dist_Pct,SL_Under_2pct,TP1,TP2,TP3,RR1,RR2,RR3,Size_USD,Current_Outcome,Current_Exit_Level,Current_Exit_Price,Current_PnL_USD,New_Rule_Action,New_Outcome,New_Exit_Level,New_Exit_Price,New_PnL_USD,PnL_Difference
2026-04-28,21:15:00,BTCUSDT,SHORT,76263.1,76491.8893,76403,0.3,YES,75974.9,73670,72120.1682,1.26,11.33,18.11,50.03,BE,SL,76263.1,0.23,TAKEN,BE,SL,76263.1,0.23,0
2026-04-28,19:45:00,BTCUSDT,SHORT,76292.3,76521.1769,76448.4,0.3,YES,75974.9,73670,72120.1682,1.39,11.46,18.23,49.97,BE,SL,76292.3,0.25,TAKEN,BE,SL,76292.3,0.25,0
2026-04-28,19:15:00,BTCUSDT,SHORT,76140.7,76486.5,76419,0.45,YES,75974.9,73670,72120.1682,0.48,7.14,11.63,50.02,BE,SL,76140.7,0.13,TAKEN,BE,SL,76140.7,0.13,0
2026-04-28,18:45:00,BTCUSDT,SHORT,76203.2,76490.2857,76419,0.38,YES,75974.9,73670,72120.1682,0.8,8.82,14.22,49.99,BE,SL,76203.2,0.18,TAKEN,BE,SL,76203.2,0.18,0
2026-04-28,18:15:00,BTCUSDT,SHORT,76200,76489.6321,76419,0.38,YES,75974.9,73670,72120.1682,0.78,8.74,14.09,49.99,BE,SL,76200,0.18,TAKEN,BE,SL,76200,0.18,0
2026-04-28,17:15:00,BTCUSDT,SHORT,76061.3,76342.3143,76266.3,0.37,YES,73670,72120.1682,70726.6621,8.51,14.02,18.98,49.97,LOSS,SL,76342.3143,-0.55,TAKEN,LOSS,SL,76342.3143,-0.55,0
2026-04-28,16:30:00,BTCUSDT,SHORT,75892.2,76332.8643,76238.6,0.58,YES,73670,72120.1682,70726.6621,5.04,8.56,11.72,50.01,LOSS,SL,76332.8643,-0.87,TAKEN,LOSS,SL,76332.8643,-0.87,0
2026-04-28,15:30:00,BTCUSDT,SHORT,75905.5,76163.6464,76073.7,0.34,YES,73670,72120.6663,70720.6325,8.66,14.66,20.08,50.02,LOSS,SL,76163.6464,-0.51,TAKEN,LOSS,SL,76163.6464,-0.51,0
2026-04-28,14:45:00,BTCUSDT,SHORT,75923.1,76172.6893,76073.7,0.33,YES,73670,72120.6663,70720.6325,9.03,15.23,20.84,50.03,LOSS,SL,76172.6893,-0.49,TAKEN,LOSS,SL,76172.6893,-0.49,0
2026-04-28,14:15:00,BTCUSDT,SHORT,75800.2,76159.6143,76046.7,0.47,YES,73670,72120.6663,70720.6325,5.93,10.24,14.13,50.03,LOSS,SL,76159.6143,-0.71,TAKEN,LOSS,SL,76159.6143,-0.71,0
2026-04-28,12:15:00,BTCUSDT,SHORT,76199.4,76535.1143,76396.2,0.44,YES,75974.9,73670,72120.6663,0.67,7.53,12.15,49.99,LOSS,SL,76535.1143,-0.66,TAKEN,LOSS,SL,76535.1143,-0.66,0
2026-04-28,11:45:00,BTCUSDT,SHORT,76204.9,76535,76396.2,0.43,YES,75974.9,73670,72120.6663,0.7,7.68,12.37,49.99,LOSS,SL,76535,-0.65,TAKEN,LOSS,SL,76535,-0.65,0
2026-04-28,07:15:00,BTCUSDT,SHORT,76611.2,77055.075,76961.6,0.58,YES,75974.9,73670,72120.6663,1.43,6.63,10.12,50.03,LOSS,SL,77055.075,-0.87,TAKEN,LOSS,SL,77055.075,-0.87,0
2026-04-28,06:45:00,BTCUSDT,SHORT,76664.1,77059.2107,76961.6,0.52,YES,75974.9,73670,72120.6663,1.74,7.58,11.5,49.98,LOSS,SL,77059.2107,-0.77,TAKEN,LOSS,SL,77059.2107,-0.77,0
2026-04-28,04:45:00,BTCUSDT,SHORT,76845.6,77240.9607,77121,0.51,YES,75974.9,73670,72120.6663,2.2,8.03,11.95,50.03,LOSS,SL,77240.9607,-0.77,TAKEN,LOSS,SL,77240.9607,-0.77,0
2026-04-28,04:15:00,BTCUSDT,SHORT,76754.5,77242.2893,77121,0.64,YES,75974.9,73670,72120.6663,1.6,6.32,9.5,49.97,LOSS,SL,77242.2893,-0.95,TAKEN,LOSS,SL,77242.2893,-0.95,0
2026-04-28,03:45:00,BTCUSDT,SHORT,76771.3,77224.8536,77121,0.59,YES,75974.9,73670,72120.6663,1.76,6.84,10.25,49.98,LOSS,SL,77224.8536,-0.89,TAKEN,LOSS,SL,77224.8536,-0.89,0
2026-04-28,03:15:00,BTCUSDT,SHORT,76727.3,77218.275,77121,0.64,YES,75974.9,73670,72120.6663,1.53,6.23,9.38,50.03,LOSS,SL,77218.275,-0.96,TAKEN,LOSS,SL,77218.275,-0.96,0
2026-04-28,02:45:00,BTCUSDT,SHORT,76847.1,77207.4286,77121,0.47,YES,75974.9,73670,72120.6663,2.42,8.82,13.12,50.03,LOSS,SL,77207.4286,-0.7,TAKEN,LOSS,SL,77207.4286,-0.7,0
2026-04-27,23:15:00,BTCUSDT,SHORT,77085.7,77519.0393,77400,0.56,YES,75974.9,73670,72120.6663,2.56,7.88,11.46,50.03,LOSS,SL,77519.0393,-0.84,TAKEN,LOSS,SL,77519.0393,-0.84,0
2026-04-27,22:45:00,BTCUSDT,SHORT,77026,77494.6679,77400,0.61,YES,75974.9,73670,72120.6663,2.24,7.16,10.47,49.99,LOSS,SL,77494.6679,-0.91,TAKEN,LOSS,SL,77494.6679,-0.91,0
2026-04-27,22:15:00,BTCUSDT,SHORT,76929.6,77491.3357,77400,0.73,YES,75974.9,73670,72120.6663,1.7,5.8,8.56,50,LOSS,SL,77491.3357,-1.1,TAKEN,LOSS,SL,77491.3357,-1.1,0
2026-04-27,21:45:00,BTCUSDT,SHORT,76741.3,77490.7143,77400,0.98,YES,75974.9,73670,72120.6663,1.02,4.1,6.17,50.04,LOSS,SL,77490.7143,-1.47,TAKEN,LOSS,SL,77490.7143,-1.47,0
2026-04-27,21:15:00,BTCUSDT,SHORT,76863.4,77489.225,77400,0.81,YES,75974.9,73670,72120.6663,1.42,5.1,7.58,50.04,LOSS,SL,77489.225,-1.22,TAKEN,LOSS,SL,77489.225,-1.22,0
2026-04-27,20:00:00,BTCUSDT,SHORT,76862.8,77108.0357,77034.8,0.32,YES,75974.9,73670,72120.6663,3.62,13.02,19.34,50.04,LOSS,SL,77108.0357,-0.48,TAKEN,LOSS,SL,77108.0357,-0.48,0
2026-04-27,19:30:00,BTCUSDT,SHORT,76741.5,77114.9393,77034.8,0.49,YES,75974.9,73670,72120.6663,2.05,8.22,12.37,50.04,LOSS,SL,77114.9393,-0.73,TAKEN,LOSS,SL,77114.9393,-0.73,0
2026-04-27,19:00:00,BTCUSDT,SHORT,76844.6,77128.2571,77034.8,0.37,YES,75974.9,73670,72120.6663,3.07,11.19,16.65,50.03,LOSS,SL,77128.2571,-0.55,TAKEN,LOSS,SL,77128.2571,-0.55,0
2026-04-27,18:30:00,BTCUSDT,SHORT,76736.7,77127.0143,77034.8,0.51,YES,75974.9,73670,72120.6663,1.95,7.86,11.83,50.03,LOSS,SL,77127.0143,-0.76,TAKEN,LOSS,SL,77127.0143,-0.76,0
2026-04-27,17:00:00,BTCUSDT,SHORT,76671,77007.9,76903.4,0.44,YES,75974.9,73670,72120.6663,2.07,8.91,13.51,49.99,LOSS,SL,77007.9,-0.66,TAKEN,LOSS,SL,77007.9,-0.66,0
2026-04-27,16:30:00,BTCUSDT,SHORT,76569.8,77011.45,76903.4,0.58,YES,75974.9,73670,72120.6663,1.35,6.57,10.07,50,LOSS,SL,77011.45,-0.87,TAKEN,LOSS,SL,77011.45,-0.87,0
2026-04-27,13:45:00,BTCUSDT,SHORT,77711.5,78441.2179,78237.7,0.94,YES,75974.9,73670,72120.9158,2.38,5.54,7.66,49.97,LOSS,SL,78441.2179,-1.41,TAKEN,LOSS,SL,78441.2179,-1.41,0
2026-04-27,13:15:00,BTCUSDT,SHORT,77676.1,78447.6321,78237.7,0.99,YES,75974.9,73670,72120.9158,2.2,5.19,7.2,50.02,LOSS,SL,78447.6321,-1.49,TAKEN,LOSS,SL,78447.6321,-1.49,0
2026-04-27,09:15:00,BTCUSDT,SHORT,77744,78029.3714,77956.3,0.37,YES,75974.9,73670,72120.9158,6.2,14.28,19.7,49.99,LOSS,SL,78029.3714,-0.55,TAKEN,LOSS,SL,78029.3714,-0.55,0
2026-04-27,08:45:00,BTCUSDT,SHORT,77775,78029.9036,77956.3,0.33,YES,75974.9,73670,72120.9158,7.06,16.1,22.18,50.01,LOSS,SL,78029.9036,-0.49,TAKEN,LOSS,SL,78029.9036,-0.49,0
2026-04-27,08:15:00,BTCUSDT,SHORT,77545.6,78036.1036,77956.3,0.63,YES,75974.9,73670,72120.9158,3.2,7.9,11.06,50.02,LOSS,SL,78036.1036,-0.95,TAKEN,LOSS,SL,78036.1036,-0.95,0
2026-04-27,07:45:00,BTCUSDT,SHORT,77574.5,78037.3857,77956.3,0.6,YES,75974.9,73670,72120.9158,3.46,8.44,11.78,50.04,LOSS,SL,78037.3857,-0.9,TAKEN,LOSS,SL,78037.3857,-0.9,0
2026-04-27,02:45:00,BTCUSDT,SHORT,79085,79430.5964,79276,0.44,YES,75974.9,73670,72120.9158,9,15.67,20.15,49.98,LOSS,SL,79430.5964,-0.66,TAKEN,LOSS,SL,79430.5964,-0.66,0
2026-04-27,02:15:00,BTCUSDT,SHORT,79083.5,79435.7786,79276,0.45,YES,75974.9,73670,72120.9158,8.82,15.37,19.76,49.98,LOSS,SL,79435.7786,-0.67,TAKEN,LOSS,SL,79435.7786,-0.67,0
2026-04-27,01:30:00,BTCUSDT,SHORT,79016,79398.9929,79276,0.48,YES,75974.9,73670,72120.9158,7.94,13.96,18,50.02,LOSS,SL,79398.9929,-0.73,TAKEN,LOSS,SL,79398.9929,-0.73,0
2026-04-27,00:30:00,BTCUSDT,SHORT,78769.8,79633.9786,79459,1.1,YES,75974.9,73670,72120.9158,3.23,5.9,7.69,50.02,OPEN,OPEN,,0,TAKEN,OPEN,OPEN,,0,0
2026-04-28,21:30:00,ETHUSDT,SHORT,2286.45,2296.1604,2293.71,0.42,YES,2273.2,2251,2208.85,1.36,3.65,7.99,50,LOSS,SL,2296.1604,-0.64,TAKEN,LOSS,SL,2296.1604,-0.64,0
2026-04-28,19:30:00,ETHUSDT,SHORT,2298.02,2308.0171,2304.99,0.44,YES,2273.2,2251,2208.85,2.48,4.7,8.92,50,BE,SL,2298.02,0.65,TAKEN,BE,SL,2298.02,0.65,0
2026-04-28,19:00:00,ETHUSDT,SHORT,2291.24,2308.3689,2304.99,0.75,YES,2273.2,2251,2208.85,1.05,2.35,4.81,50,BE,SL,2291.24,0.47,TAKEN,BE,SL,2291.24,0.47,0
2026-04-28,18:30:00,ETHUSDT,SHORT,2289.67,2308.6654,2304.99,0.83,YES,2273.2,2251,2208.85,0.87,2.04,4.25,50,BE,SL,2289.67,0.43,TAKEN,BE,SL,2289.67,0.43,0
2026-04-28,17:15:00,ETHUSDT,SHORT,2284.14,2301.9404,2298,0.78,YES,2273.2,2251,2208.85,0.61,1.86,4.23,50,BE,SL,2284.14,0.29,TAKEN,BE,SL,2284.14,0.29,0
2026-04-28,16:45:00,ETHUSDT,SHORT,2285.17,2302.4464,2298,0.76,YES,2273.2,2251,2208.85,0.69,1.98,4.42,50,BE,SL,2285.17,0.31,TAKEN,BE,SL,2285.17,0.31,0
2026-04-28,16:15:00,ETHUSDT,SHORT,2276.43,2302.4768,2298,1.14,YES,2251,2208.85,2135.3266,0.98,2.59,5.42,50,LOSS,SL,2302.4768,-1.72,TAKEN,LOSS,SL,2302.4768,-1.72,0
2026-04-28,15:45:00,ETHUSDT,SHORT,2278.77,2302.3118,2298,1.03,YES,2273.2,2251,2208.85,0.24,1.18,2.97,50,BE,SL,2278.77,0.15,TAKEN,BE,SL,2278.77,0.15,0
2026-04-28,15:15:00,ETHUSDT,SHORT,2272.39,2285.1539,2281,0.56,YES,2251,2208.85,2135.3466,1.68,4.98,10.74,50,LOSS,SL,2285.1539,-0.84,TAKEN,LOSS,SL,2285.1539,-0.84,0
2026-04-28,14:45:00,ETHUSDT,SHORT,2272.64,2285.325,2281,0.56,YES,2251,2208.85,2135.3466,1.71,5.03,10.82,50,LOSS,SL,2285.325,-0.84,TAKEN,LOSS,SL,2285.325,-0.84,0
2026-04-28,14:15:00,ETHUSDT,SHORT,2265.89,2281.7318,2277.02,0.7,YES,2251,2208.85,2135.3466,0.94,3.6,8.24,50,LOSS,SL,2281.7318,-1.05,TAKEN,LOSS,SL,2281.7318,-1.05,0
2026-04-28,13:00:00,ETHUSDT,SHORT,2266.71,2290.3421,2284.99,1.04,YES,2251,2208.85,2135.3466,0.66,2.45,5.56,50,LOSS,SL,2290.3421,-1.56,TAKEN,LOSS,SL,2290.3421,-1.56,0
2026-04-28,10:15:00,ETHUSDT,SHORT,2281.92,2291.0329,2286.5,0.4,YES,2273.2,2251,2208.85,0.96,3.39,8.02,50,LOSS,SL,2291.0329,-0.6,TAKEN,LOSS,SL,2291.0329,-0.6,0
2026-04-28,09:45:00,ETHUSDT,SHORT,2281.49,2290.5211,2286.5,0.4,YES,2273.2,2251,2208.85,0.92,3.38,8.04,50,LOSS,SL,2290.5211,-0.59,TAKEN,LOSS,SL,2290.5211,-0.59,0
2026-04-28,08:30:00,ETHUSDT,SHORT,2284.64,2291.4939,2287.97,0.3,YES,2273.2,2251,2208.85,1.67,4.91,11.06,50,BE,SL,2284.64,0.3,TAKEN,BE,SL,2284.64,0.3,0
2026-04-28,07:30:00,ETHUSDT,SHORT,2281.9,2294.295,2291.14,0.54,YES,2273.2,2251,2208.85,0.7,2.49,5.89,50,BE,SL,2281.9,0.23,TAKEN,BE,SL,2281.9,0.23,0
2026-04-28,07:00:00,ETHUSDT,SHORT,2273.16,2294.4775,2291.14,0.94,YES,2251,2208.85,2135.3466,1.04,3.02,6.46,50,LOSS,SL,2294.4775,-1.41,TAKEN,LOSS,SL,2294.4775,-1.41,0
2026-04-28,06:30:00,ETHUSDT,SHORT,2270.89,2295.095,2291.14,1.07,YES,2251,2208.85,2135.3466,0.82,2.56,5.6,50,LOSS,SL,2295.095,-1.6,TAKEN,LOSS,SL,2295.095,-1.6,0
2026-04-28,04:15:00,ETHUSDT,SHORT,2285.18,2301.0286,2296.41,0.69,YES,2273.2,2251,2208.85,0.76,2.16,4.82,50,LOSS,SL,2301.0286,-1.04,TAKEN,LOSS,SL,2301.0286,-1.04,0
2026-04-28,02:30:00,ETHUSDT,SHORT,2280.39,2297.3036,2293.6,0.74,YES,2273.2,2251,2208.85,0.43,1.74,4.23,50,LOSS,SL,2297.3036,-1.11,TAKEN,LOSS,SL,2297.3036,-1.11,0
2026-04-28,00:15:00,ETHUSDT,SHORT,2299.07,2315.4118,2311.3,0.71,YES,2273.2,2251,2208.85,1.58,2.94,5.52,50,BE,SL,2299.07,0.68,TAKEN,BE,SL,2299.07,0.68,0
2026-04-27,23:45:00,ETHUSDT,SHORT,2302.68,2315.6936,2311.3,0.57,YES,2273.2,2251,2208.85,2.27,3.97,7.21,50,BE,SL,2302.68,0.77,TAKEN,BE,SL,2302.68,0.77,0
2026-04-27,23:15:00,ETHUSDT,SHORT,2292.28,2312.0936,2307.66,0.86,YES,2273.2,2251,2208.85,0.96,2.08,4.21,50,BE,SL,2292.28,0.5,TAKEN,BE,SL,2292.28,0.5,0
2026-04-27,22:45:00,ETHUSDT,SHORT,2293.45,2311.2229,2307.66,0.77,YES,2273.2,2251,2208.85,1.14,2.39,4.76,50,BE,SL,2293.45,0.53,TAKEN,BE,SL,2293.45,0.53,0
2026-04-27,22:15:00,ETHUSDT,SHORT,2291.04,2311.0871,2307.66,0.88,YES,2273.2,2251,2208.85,0.89,2,4.1,50,BE,SL,2291.04,0.47,TAKEN,BE,SL,2291.04,0.47,0
2026-04-27,21:45:00,ETHUSDT,SHORT,2286.1,2310.9211,2307.66,1.09,YES,2273.2,2251,2208.85,0.52,1.41,3.11,50,BE,SL,2286.1,0.34,TAKEN,BE,SL,2286.1,0.34,0
2026-04-27,21:15:00,ETHUSDT,SHORT,2288.52,2310.8811,2307.66,0.98,YES,2273.2,2251,2208.85,0.69,1.68,3.56,50,BE,SL,2288.52,0.4,TAKEN,BE,SL,2288.52,0.4,0
2026-04-27,19:45:00,ETHUSDT,SHORT,2288.17,2295.0345,2291.37,0.3,YES,2273.2,2251,2208.85,2.18,5.41,11.56,50,BE,SL,2288.17,0.39,TAKEN,BE,SL,2288.17,0.39,0
2026-04-27,19:15:00,ETHUSDT,SHORT,2279.23,2298.4907,2295.53,0.85,YES,2273.2,2251,2208.85,0.31,1.47,3.65,50,BE,SL,2279.23,0.16,TAKEN,BE,SL,2279.23,0.16,0
2026-04-27,18:45:00,ETHUSDT,SHORT,2287.44,2298.7175,2295.53,0.49,YES,2273.2,2251,2208.85,1.26,3.23,6.97,50,BE,SL,2287.44,0.37,TAKEN,BE,SL,2287.44,0.37,0
2026-04-27,17:00:00,ETHUSDT,SHORT,2280.55,2295.1589,2291.44,0.64,YES,2273.2,2251,2208.85,0.5,2.02,4.91,50,BE,SL,2280.55,0.19,TAKEN,BE,SL,2280.55,0.19,0
2026-04-27,16:30:00,ETHUSDT,SHORT,2274.08,2295.2839,2291.44,0.93,YES,2251,2208.85,2135.3466,1.09,3.08,6.54,50,LOSS,SL,2295.2839,-1.4,TAKEN,LOSS,SL,2295.2839,-1.4,0
2026-04-27,16:00:00,ETHUSDT,SHORT,2276.96,2295.1193,2291.44,0.8,YES,2251,2208.85,2135.3466,1.43,3.75,7.8,50,LOSS,SL,2295.1193,-1.2,TAKEN,LOSS,SL,2295.1193,-1.2,0
2026-04-27,15:30:00,ETHUSDT,SHORT,2281.57,2294.9961,2291.44,0.59,YES,2273.2,2251,2208.85,0.62,2.28,5.42,50,BE,SL,2281.57,0.22,TAKEN,BE,SL,2281.57,0.22,0
2026-04-27,13:45:00,ETHUSDT,SHORT,2311.29,2336.5,2328.83,1.09,YES,2273.2,2251,2208.85,1.51,2.39,4.06,50,LOSS,SL,2336.5,-1.64,TAKEN,LOSS,SL,2336.5,-1.64,0
2026-04-27,09:15:00,ETHUSDT,SHORT,2318.49,2327.3768,2325,0.38,YES,2273.2,2251,2208.85,5.1,7.59,12.34,50,LOSS,SL,2327.3768,-0.57,TAKEN,LOSS,SL,2327.3768,-0.57,0
2026-04-27,08:45:00,ETHUSDT,SHORT,2319.04,2327.4296,2325,0.36,YES,2273.2,2251,2208.85,5.46,8.11,13.13,50,LOSS,SL,2327.4296,-0.54,TAKEN,LOSS,SL,2327.4296,-0.54,0
2026-04-27,08:15:00,ETHUSDT,SHORT,2310.01,2327.7986,2325,0.77,YES,2273.2,2251,2208.85,2.07,3.32,5.69,50,LOSS,SL,2327.7986,-1.16,TAKEN,LOSS,SL,2327.7986,-1.16,0
2026-04-27,07:45:00,ETHUSDT,SHORT,2315.01,2327.9943,2325,0.56,YES,2273.2,2251,2208.85,3.22,4.93,8.18,50,LOSS,SL,2327.9943,-0.84,TAKEN,LOSS,SL,2327.9943,-0.84,0
2026-04-27,07:15:00,ETHUSDT,SHORT,2318.93,2328.1336,2325,0.4,YES,2273.2,2251,2208.85,4.97,7.38,11.96,50,LOSS,SL,2328.1336,-0.6,TAKEN,LOSS,SL,2328.1336,-0.6,0
2026-04-27,06:45:00,ETHUSDT,SHORT,2319.81,2328.3411,2325,0.37,YES,2273.2,2251,2208.85,5.46,8.07,13.01,50,LOSS,SL,2328.3411,-0.55,TAKEN,LOSS,SL,2328.3411,-0.55,0
2026-04-27,02:45:00,ETHUSDT,SHORT,2390.76,2406.9479,2399.71,0.68,YES,2385,2273.2,2251,0.36,7.26,8.63,50,BE,SL,2390.76,0.14,TAKEN,BE,SL,2390.76,0.14,0
2026-04-27,02:15:00,ETHUSDT,SHORT,2391.99,2406.8007,2399.71,0.62,YES,2385,2273.2,2251,0.47,8.02,9.52,50,BE,SL,2391.99,0.18,TAKEN,BE,SL,2391.99,0.18,0
2026-04-27,01:30:00,ETHUSDT,SHORT,2386.07,2404.2614,2399.71,0.76,YES,2273.2,2251,2208.85,6.2,7.42,9.74,50,OPEN,OPEN,,0,TAKEN,OPEN,OPEN,,0,0
2026-04-28,21:30:00,LINKUSDT,SHORT,9.236,9.2793,9.27,0.47,YES,9.138,9.0845,9.05,2.26,3.5,4.3,50,LOSS,SL,9.2793,-0.7,TAKEN,LOSS,SL,9.2793,-0.7,0
2026-04-28,19:15:00,LINKUSDT,SHORT,9.243,9.296,9.285,0.57,YES,9.138,9.0845,9.05,1.98,2.99,3.64,50,BE,SL,9.243,0.68,TAKEN,BE,SL,9.243,0.68,0
2026-04-28,18:45:00,LINKUSDT,SHORT,9.248,9.2964,9.285,0.52,YES,9.138,9.0845,9.05,2.27,3.38,4.09,50,BE,SL,9.248,0.71,TAKEN,BE,SL,9.248,0.71,0
2026-04-28,18:15:00,LINKUSDT,SHORT,9.247,9.2963,9.285,0.53,YES,9.138,9.0845,9.05,2.21,3.3,4,50,BE,SL,9.247,0.71,TAKEN,BE,SL,9.247,0.71,0
2026-04-28,17:45:00,LINKUSDT,SHORT,9.224,9.2634,9.252,0.43,YES,9.138,9.0845,9.05,2.18,3.54,4.42,50,BE,SL,9.224,0.56,TAKEN,BE,SL,9.224,0.56,0
2026-04-28,17:15:00,LINKUSDT,SHORT,9.209,9.2645,9.252,0.6,YES,9.138,9.0845,9.05,1.28,2.24,2.86,50,BE,SL,9.209,0.46,TAKEN,BE,SL,9.209,0.46,0
2026-04-28,16:30:00,LINKUSDT,SHORT,9.191,9.2582,9.244,0.73,YES,9.138,9.0845,9.05,0.79,1.58,2.1,50,BE,SL,9.191,0.35,TAKEN,BE,SL,9.191,0.35,0
2026-04-28,15:30:00,LINKUSDT,SHORT,9.19,9.2486,9.234,0.64,YES,9.138,9.0845,9.05,0.89,1.8,2.39,50,BE,SL,9.19,0.34,TAKEN,BE,SL,9.19,0.34,0
2026-04-28,14:30:00,LINKUSDT,SHORT,9.181,9.2274,9.211,0.51,YES,9.138,9.0845,9.05,0.93,2.08,2.82,50,LOSS,SL,9.2274,-0.76,TAKEN,LOSS,SL,9.2274,-0.76,0
2026-04-28,14:00:00,LINKUSDT,SHORT,9.182,9.2277,9.211,0.5,YES,9.138,9.0845,9.05,0.96,2.13,2.89,50,LOSS,SL,9.2277,-0.75,TAKEN,LOSS,SL,9.2277,-0.75,0
2026-04-28,13:00:00,LINKUSDT,SHORT,9.181,9.2622,9.243,0.88,YES,9.138,9.0845,9.05,0.53,1.19,1.61,50,LOSS,SL,9.2622,-1.33,TAKEN,LOSS,SL,9.2622,-1.33,0
2026-04-28,12:15:00,LINKUSDT,SHORT,9.19,9.2488,9.228,0.64,YES,9.138,9.0845,9.05,0.88,1.79,2.38,50,LOSS,SL,9.2488,-0.96,TAKEN,LOSS,SL,9.2488,-0.96,0
2026-04-28,11:45:00,LINKUSDT,SHORT,9.197,9.2483,9.228,0.56,YES,9.138,9.0845,9.05,1.15,2.19,2.87,50,LOSS,SL,9.2483,-0.84,TAKEN,LOSS,SL,9.2483,-0.84,0
2026-04-28,11:15:00,LINKUSDT,SHORT,9.206,9.2476,9.228,0.45,YES,9.138,9.0845,9.05,1.63,2.92,3.75,50,LOSS,SL,9.2476,-0.68,TAKEN,LOSS,SL,9.2476,-0.68,0
2026-04-28,10:15:00,LINKUSDT,SHORT,9.228,9.2588,9.242,0.33,YES,9.138,9.0845,9.05,2.92,4.66,5.78,50,LOSS,SL,9.2588,-0.5,TAKEN,LOSS,SL,9.2588,-0.5,0
2026-04-28,09:45:00,LINKUSDT,SHORT,9.222,9.2572,9.242,0.38,YES,9.138,9.0845,9.05,2.39,3.91,4.89,50,LOSS,SL,9.2572,-0.57,TAKEN,LOSS,SL,9.2572,-0.57,0
2026-04-28,07:15:00,LINKUSDT,SHORT,9.226,9.2874,9.275,0.67,YES,9.138,9.0845,9.05,1.43,2.3,2.87,50,LOSS,SL,9.2874,-1,TAKEN,LOSS,SL,9.2874,-1,0
2026-04-28,06:45:00,LINKUSDT,SHORT,9.237,9.2875,9.275,0.55,YES,9.138,9.0845,9.05,1.96,3.02,3.7,50,LOSS,SL,9.2875,-0.82,TAKEN,LOSS,SL,9.2875,-0.82,0
2026-04-28,04:45:00,LINKUSDT,SHORT,9.268,9.3268,9.311,0.63,YES,9.138,9.0845,9.05,2.21,3.12,3.71,50,LOSS,SL,9.3268,-0.95,TAKEN,LOSS,SL,9.3268,-0.95,0
2026-04-28,04:15:00,LINKUSDT,SHORT,9.27,9.3275,9.311,0.62,YES,9.138,9.0845,9.05,2.3,3.23,3.83,50,LOSS,SL,9.3275,-0.93,TAKEN,LOSS,SL,9.3275,-0.93,0
2026-04-28,02:30:00,LINKUSDT,SHORT,9.25,9.3165,9.304,0.72,YES,9.138,9.0845,9.05,1.68,2.49,3.01,50,LOSS,SL,9.3165,-1.08,TAKEN,LOSS,SL,9.3165,-1.08,0
2026-04-28,00:15:00,LINKUSDT,SHORT,9.295,9.3355,9.323,0.44,YES,9.138,9.0845,9.05,3.88,5.2,6.05,50,LOSS,SL,9.3355,-0.65,TAKEN,LOSS,SL,9.3355,-0.65,0
2026-04-27,23:30:00,LINKUSDT,SHORT,9.3,9.3374,9.323,0.4,YES,9.138,9.0845,9.05,4.33,5.76,6.68,50,LOSS,SL,9.3374,-0.6,TAKEN,LOSS,SL,9.3374,-0.6,0
2026-04-27,23:00:00,LINKUSDT,SHORT,9.255,9.3424,9.328,0.94,YES,9.138,9.0845,9.05,1.34,1.95,2.35,50,LOSS,SL,9.3424,-1.42,TAKEN,LOSS,SL,9.3424,-1.42,0
2026-04-27,22:30:00,LINKUSDT,SHORT,9.255,9.3404,9.328,0.92,YES,9.138,9.0845,9.05,1.37,2,2.4,50,LOSS,SL,9.3404,-1.38,TAKEN,LOSS,SL,9.3404,-1.38,0
2026-04-27,22:00:00,LINKUSDT,SHORT,9.227,9.3414,9.328,1.24,YES,9.138,9.0845,9.05,0.78,1.25,1.55,50,LOSS,SL,9.3414,-1.86,TAKEN,LOSS,SL,9.3414,-1.86,0
2026-04-27,21:30:00,LINKUSDT,SHORT,9.241,9.3419,9.328,1.09,YES,9.138,9.0845,9.05,1.02,1.55,1.89,50,LOSS,SL,9.3419,-1.64,TAKEN,LOSS,SL,9.3419,-1.64,0
2026-04-27,21:00:00,LINKUSDT,SHORT,9.222,9.2631,9.249,0.45,YES,9.138,9.0845,9.05,2.04,3.35,4.18,50,LOSS,SL,9.2631,-0.67,TAKEN,LOSS,SL,9.2631,-0.67,0
2026-04-27,20:30:00,LINKUSDT,SHORT,9.215,9.2621,9.249,0.51,YES,9.138,9.0845,9.05,1.63,2.77,3.5,50,LOSS,SL,9.2621,-0.77,TAKEN,LOSS,SL,9.2621,-0.77,0
2026-04-27,20:00:00,LINKUSDT,SHORT,9.21,9.2604,9.249,0.55,YES,9.138,9.0845,9.05,1.43,2.49,3.17,50,LOSS,SL,9.2604,-0.82,TAKEN,LOSS,SL,9.2604,-0.82,0
2026-04-27,19:15:00,LINKUSDT,SHORT,9.2,9.2428,9.231,0.47,YES,9.138,9.0845,9.05,1.45,2.7,3.5,50,LOSS,SL,9.2428,-0.7,TAKEN,LOSS,SL,9.2428,-0.7,0
2026-04-27,18:15:00,LINKUSDT,SHORT,9.23,9.2585,9.247,0.31,YES,9.138,9.0845,9.05,3.23,5.11,6.32,50,LOSS,SL,9.2585,-0.46,TAKEN,LOSS,SL,9.2585,-0.46,0
2026-04-27,17:45:00,LINKUSDT,SHORT,9.216,9.2583,9.247,0.46,YES,9.138,9.0845,9.05,1.84,3.11,3.92,50,LOSS,SL,9.2583,-0.69,TAKEN,LOSS,SL,9.2583,-0.69,0
2026-04-27,17:00:00,LINKUSDT,SHORT,9.207,9.2582,9.245,0.56,YES,9.138,9.0845,9.05,1.35,2.39,3.07,50,LOSS,SL,9.2582,-0.83,TAKEN,LOSS,SL,9.2582,-0.83,0
2026-04-27,16:30:00,LINKUSDT,SHORT,9.191,9.2585,9.245,0.73,YES,9.138,9.0845,9.05,0.79,1.58,2.09,50,LOSS,SL,9.2585,-1.1,TAKEN,LOSS,SL,9.2585,-1.1,0
2026-04-27,16:00:00,LINKUSDT,SHORT,9.178,9.2591,9.245,0.88,YES,9.138,9.0845,9.05,0.49,1.15,1.58,50,LOSS,SL,9.2591,-1.33,TAKEN,LOSS,SL,9.2591,-1.33,0
2026-04-27,13:45:00,LINKUSDT,SHORT,9.289,9.3937,9.366,1.13,YES,9.138,9.0845,9.05,1.44,1.95,2.28,50,LOSS,SL,9.3937,-1.69,TAKEN,LOSS,SL,9.3937,-1.69,0
2026-04-27,12:45:00,LINKUSDT,SHORT,9.302,9.3446,9.318,0.46,YES,9.138,9.0845,9.05,3.85,5.11,5.92,50,LOSS,SL,9.3446,-0.69,TAKEN,LOSS,SL,9.3446,-0.69,0
2026-04-27,11:00:00,LINKUSDT,SHORT,9.306,9.3462,9.333,0.43,YES,9.138,9.0845,9.05,4.18,5.51,6.37,50,LOSS,SL,9.3462,-0.65,TAKEN,LOSS,SL,9.3462,-0.65,0
2026-04-27,08:30:00,LINKUSDT,SHORT,9.309,9.3621,9.351,0.57,YES,9.138,9.0845,9.05,3.22,4.23,4.88,50,LOSS,SL,9.3621,-0.86,TAKEN,LOSS,SL,9.3621,-0.86,0
2026-04-27,08:00:00,LINKUSDT,SHORT,9.314,9.3624,9.351,0.52,YES,9.138,9.0845,9.05,3.64,4.74,5.45,50,LOSS,SL,9.3624,-0.78,TAKEN,LOSS,SL,9.3624,-0.78,0
2026-04-27,07:30:00,LINKUSDT,SHORT,9.318,9.3619,9.351,0.47,YES,9.138,9.0845,9.05,4.1,5.32,6.1,50,LOSS,SL,9.3619,-0.71,TAKEN,LOSS,SL,9.3619,-0.71,0
2026-04-27,02:45:00,LINKUSDT,SHORT,9.55,9.6105,9.586,0.63,YES,9.138,9.0845,9.05,6.81,7.69,8.26,50,OPEN,OPEN,,0,TAKEN,OPEN,OPEN,,0,0
2026-04-28,20:30:00,HYPEUSDT,LONG,39.942,39.748,39.813,0.49,YES,41.588,42.4793,43.751,8.48,13.08,19.63,50,LOSS,SL,39.748,-0.73,TAKEN,LOSS,SL,39.748,-0.73,0
2026-04-28,20:00:00,HYPEUSDT,LONG,40.035,39.7433,39.813,0.73,YES,41.588,42.4793,43.751,5.32,8.38,12.74,50,LOSS,SL,39.7433,-1.09,TAKEN,LOSS,SL,39.7433,-1.09,0
2026-04-28,19:30:00,HYPEUSDT,LONG,40.073,39.7282,39.799,0.86,YES,41.588,42.4793,43.751,4.39,6.98,10.67,50,LOSS,SL,39.7282,-1.29,TAKEN,LOSS,SL,39.7282,-1.29,0
2026-04-28,16:00:00,HYPEUSDT,LONG,39.873,39.3343,39.442,1.35,YES,41.588,42.4793,43.751,3.18,4.84,7.2,50,BE,SL,41.588,7.63,TAKEN,BE,SL,41.588,7.63,0
2026-04-28,15:30:00,HYPEUSDT,LONG,39.696,39.3279,39.442,0.93,YES,41.588,42.4793,43.751,5.14,7.56,11.02,50,BE,SL,41.588,8.33,TAKEN,BE,SL,41.588,8.33,0
2026-04-28,14:45:00,HYPEUSDT,LONG,39.864,39.4144,39.54,1.13,YES,41.588,42.4793,43.751,3.83,5.82,8.65,50,BE,SL,41.588,7.66,TAKEN,BE,SL,41.588,7.66,0
2026-04-28,14:00:00,HYPEUSDT,LONG,39.99,39.3576,39.5,1.58,YES,41.588,42.4793,43.751,2.53,3.94,5.95,50,BE,SL,41.588,7.16,TAKEN,BE,SL,41.588,7.16,0
2026-04-28,13:30:00,HYPEUSDT,LONG,40.103,39.3559,39.5,1.86,YES,41.588,42.4793,43.751,1.99,3.18,4.88,50,BE,SL,41.588,6.72,TAKEN,BE,SL,41.588,6.72,0
2026-04-28,12:45:00,HYPEUSDT,LONG,40.038,39.3444,39.5,1.73,YES,41.588,42.4793,43.751,2.23,3.52,5.35,50,BE,SL,41.588,6.98,TAKEN,BE,SL,41.588,6.98,0
2026-04-28,11:45:00,HYPEUSDT,LONG,40.114,39.451,39.597,1.65,YES,41.588,42.4793,43.751,2.22,3.57,5.49,50,BE,SL,41.588,6.68,TAKEN,BE,SL,41.588,6.68,0
2026-04-28,11:15:00,HYPEUSDT,LONG,40.185,39.4494,39.597,1.83,YES,41.588,42.4793,43.751,1.91,3.12,4.85,50,BE,SL,41.588,6.4,TAKEN,BE,SL,41.588,6.4,0
2026-04-28,10:30:00,HYPEUSDT,LONG,40.004,39.5151,39.666,1.22,YES,41.588,42.4793,43.751,3.24,5.06,7.66,50,BE,SL,41.588,7.11,TAKEN,BE,SL,41.588,7.11,0
2026-04-28,10:00:00,HYPEUSDT,LONG,40.127,39.5167,39.666,1.52,YES,41.588,42.4793,43.751,2.39,3.85,5.94,50,BE,SL,41.588,6.63,TAKEN,BE,SL,41.588,6.63,0
2026-04-28,09:30:00,HYPEUSDT,LONG,40.298,39.5346,39.666,1.89,YES,41.588,42.4793,43.751,1.69,2.86,4.52,50,BE,SL,41.588,5.96,TAKEN,BE,SL,41.588,5.96,0
2026-04-28,09:00:00,HYPEUSDT,LONG,40.525,39.5409,39.666,2.43,NO,41.588,42.4793,43.751,1.08,1.99,3.28,50,BE,SL,41.588,5.09,SKIPPED,SKIPPED,SKIPPED,,0,-5.09
2026-04-28,08:30:00,HYPEUSDT,LONG,40.507,39.5428,39.666,2.38,NO,41.588,42.4793,43.751,1.12,2.05,3.36,50,BE,SL,41.588,5.16,SKIPPED,SKIPPED,SKIPPED,,0,-5.16
2026-04-28,08:00:00,HYPEUSDT,LONG,40.411,39.5409,39.666,2.15,NO,41.588,42.4793,43.751,1.35,2.38,3.84,50,BE,SL,41.588,5.53,SKIPPED,SKIPPED,SKIPPED,,0,-5.53
2026-04-28,06:45:00,HYPEUSDT,LONG,40.503,40.0241,40.143,1.18,YES,41.588,42.4793,43.751,2.27,4.13,6.78,50,BE,SL,41.588,5.17,TAKEN,BE,SL,41.588,5.17,0
2026-04-28,06:15:00,HYPEUSDT,LONG,41.234,39.994,40.143,3.01,NO,41.588,42.4793,43.751,0.29,1,2.03,50,BE,SL,41.234,0.52,SKIPPED,SKIPPED,SKIPPED,,0,-0.52
2026-04-28,05:45:00,HYPEUSDT,LONG,41.136,39.9937,40.143,2.78,NO,41.588,42.4793,43.751,0.4,1.18,2.29,50,BE,SL,41.588,2.79,SKIPPED,SKIPPED,SKIPPED,,0,-2.79
2026-04-28,05:15:00,HYPEUSDT,LONG,41.269,40.9631,41.114,0.74,YES,41.588,42.4793,43.751,1.04,3.96,8.11,50,LOSS,SL,40.9631,-1.11,TAKEN,LOSS,SL,40.9631,-1.11,0
2026-04-28,02:00:00,HYPEUSDT,LONG,41.357,40.6614,40.77,1.68,YES,41.588,42.4793,43.751,0.33,1.61,3.44,50,BE,SL,41.357,0.34,TAKEN,BE,SL,41.357,0.34,0
2026-04-28,01:30:00,HYPEUSDT,LONG,41.502,40.6533,40.77,2.04,NO,41.588,42.4793,43.751,0.1,1.15,2.65,50,BE,SL,41.502,0.12,SKIPPED,SKIPPED,SKIPPED,,0,-0.12
2026-04-28,01:00:00,HYPEUSDT,LONG,41.637,40.6503,40.77,2.37,NO,42.4793,43.751,45.769,0.85,2.14,4.19,50,BE,SL,41.637,1.21,SKIPPED,SKIPPED,SKIPPED,,0,-1.21
2026-04-28,00:30:00,HYPEUSDT,LONG,41.751,40.6485,40.77,2.64,NO,42.4793,43.751,45.769,0.66,1.81,3.64,50,BE,SL,41.751,1.05,SKIPPED,SKIPPED,SKIPPED,,0,-1.05
2026-04-28,00:00:00,HYPEUSDT,LONG,41.72,40.6503,40.77,2.56,NO,42.4793,43.751,45.769,0.71,1.9,3.79,50,BE,SL,41.72,1.09,SKIPPED,SKIPPED,SKIPPED,,0,-1.09
2026-04-27,23:30:00,HYPEUSDT,LONG,41.575,40.6539,40.77,2.22,NO,42.4793,43.751,45.769,0.98,2.36,4.55,50,BE,SL,41.575,1.31,SKIPPED,SKIPPED,SKIPPED,,0,-1.31
2026-04-27,23:00:00,HYPEUSDT,LONG,41.385,40.6658,40.77,1.74,YES,41.588,42.4793,43.751,0.28,1.52,3.29,50,BE,SL,41.385,0.29,TAKEN,BE,SL,41.385,0.29,0
2026-04-27,22:30:00,HYPEUSDT,LONG,41.512,41.2664,41.349,0.59,YES,42.4793,43.751,45.769,3.94,9.12,17.33,50,LOSS,SL,41.2664,-0.89,TAKEN,LOSS,SL,41.2664,-0.89,0
2026-04-27,20:45:00,HYPEUSDT,LONG,41.435,41.1455,41.231,0.7,YES,41.588,42.4793,43.751,0.53,3.61,8,50,BE,SL,41.435,0.22,TAKEN,BE,SL,41.435,0.22,0
2026-04-27,20:15:00,HYPEUSDT,LONG,41.627,41.1449,41.231,1.16,YES,42.4793,43.751,45.769,1.77,4.41,8.59,50,BE,SL,41.627,1.23,TAKEN,BE,SL,41.627,1.23,0
2026-04-27,19:45:00,HYPEUSDT,LONG,41.571,41.1495,41.231,1.01,YES,42.4793,43.751,45.769,2.15,5.17,9.96,50,BE,SL,41.571,1.31,TAKEN,BE,SL,41.571,1.31,0
2026-04-27,19:15:00,HYPEUSDT,LONG,41.432,41.1446,41.231,0.69,YES,41.588,42.4793,43.751,0.54,3.64,8.07,50,BE,SL,41.432,0.23,TAKEN,BE,SL,41.432,0.23,0
2026-04-27,18:45:00,HYPEUSDT,LONG,41.544,41.1582,41.247,0.93,YES,42.4793,43.751,45.769,2.42,5.72,10.95,50,BE,SL,41.544,1.35,TAKEN,BE,SL,41.544,1.35,0
2026-04-27,18:15:00,HYPEUSDT,LONG,41.728,41.1516,41.247,1.38,YES,42.4793,43.751,45.769,1.3,3.51,7.01,50,BE,SL,41.728,1.08,TAKEN,BE,SL,41.728,1.08,0
2026-04-27,17:45:00,HYPEUSDT,LONG,41.709,41.1525,41.247,1.33,YES,42.4793,43.751,45.769,1.38,3.67,7.3,50,BE,SL,41.709,1.11,TAKEN,BE,SL,41.709,1.11,0
2026-04-27,17:15:00,HYPEUSDT,LONG,41.638,41.1574,41.247,1.15,YES,42.4793,43.751,45.769,1.75,4.4,8.6,50,BE,SL,41.638,1.21,TAKEN,BE,SL,41.638,1.21,0
2026-04-27,15:30:00,HYPEUSDT,LONG,41.816,41.2909,41.393,1.26,YES,42.4793,43.751,45.769,1.26,3.69,7.53,50,BE,SL,41.816,0.95,TAKEN,BE,SL,41.816,0.95,0
2026-04-27,15:00:00,HYPEUSDT,LONG,41.948,41.2668,41.393,1.62,YES,42.4793,43.751,45.769,0.78,2.65,5.61,50,BE,SL,41.948,0.76,TAKEN,BE,SL,41.948,0.76,0
2026-04-27,14:30:00,HYPEUSDT,LONG,42.776,41.4115,41.567,3.19,NO,43.751,45.769,48.234,0.71,2.19,4,50,LOSS,SL,41.4115,-4.78,SKIPPED,SKIPPED,SKIPPED,,0,4.78
2026-04-27,14:00:00,HYPEUSDT,LONG,42.627,41.4034,41.567,2.87,NO,43.751,45.769,47.5214,0.92,2.57,4,50,LOSS,SL,41.4034,-4.31,SKIPPED,SKIPPED,SKIPPED,,0,4.31
2026-04-27,13:30:00,HYPEUSDT,LONG,42.3,41.3872,41.567,2.16,NO,42.4793,43.751,45.769,0.2,1.59,3.8,50,BE,SL,42.3,0.25,SKIPPED,SKIPPED,SKIPPED,,0,-0.25
2026-04-27,11:45:00,HYPEUSDT,LONG,42.358,41.9304,42.092,1.01,YES,42.4793,43.751,45.769,0.28,3.26,7.98,50,BE,SL,42.358,0.17,TAKEN,BE,SL,42.358,0.17,0
2026-04-27,11:15:00,HYPEUSDT,LONG,42.368,41.9734,42.092,0.93,YES,42.4793,43.751,45.769,0.28,3.5,8.62,50,BE,SL,42.368,0.16,TAKEN,BE,SL,42.368,0.16,0
2026-04-27,10:30:00,HYPEUSDT,LONG,42.324,42.0023,42.108,0.76,YES,42.4793,43.751,45.769,0.48,4.44,10.71,50,BE,SL,42.324,0.22,TAKEN,BE,SL,42.324,0.22,0
2026-04-27,10:00:00,HYPEUSDT,LONG,42.276,42.0219,42.108,0.6,YES,42.4793,43.751,45.769,0.8,5.8,13.75,50,BE,SL,42.276,0.29,TAKEN,BE,SL,42.276,0.29,0
2026-04-27,09:30:00,HYPEUSDT,LONG,42.376,42.0191,42.108,0.84,YES,42.4793,43.751,45.769,0.29,3.85,9.51,50,BE,SL,42.376,0.15,TAKEN,BE,SL,42.376,0.15,0
2026-04-27,09:00:00,HYPEUSDT,LONG,42.443,42.139,42.229,0.72,YES,43.659,43.751,45.769,4,4.3,10.94,50,LOSS,SL,42.139,-1.07,TAKEN,LOSS,SL,42.139,-1.07,0
2026-04-27,08:00:00,HYPEUSDT,LONG,42.488,42.0672,42.174,0.99,YES,43.751,44.1712,45.769,3,4,7.8,50,LOSS,SL,42.0672,-1.49,TAKEN,LOSS,SL,42.0672,-1.49,0
2026-04-27,07:30:00,HYPEUSDT,LONG,42.443,42.0686,42.174,0.88,YES,43.751,43.9406,45.769,3.49,4,8.88,50,LOSS,SL,42.0686,-1.32,TAKEN,LOSS,SL,42.0686,-1.32,0
2026-04-27,07:00:00,HYPEUSDT,LONG,42.438,42.0634,42.174,0.88,YES,43.751,43.9364,45.769,3.51,4,8.89,50,LOSS,SL,42.0634,-1.32,TAKEN,LOSS,SL,42.0634,-1.32,0
2026-04-27,06:15:00,HYPEUSDT,LONG,42.47,42.046,42.174,1,YES,43.751,44.166,45.769,3.02,4,7.78,50,LOSS,SL,42.046,-1.5,TAKEN,LOSS,SL,42.046,-1.5,0
2026-04-27,05:45:00,HYPEUSDT,LONG,42.582,42.0621,42.193,1.22,YES,43.751,44.6616,45.769,2.25,4,6.13,50,LOSS,SL,42.0621,-1.83,TAKEN,LOSS,SL,42.0621,-1.83,0
2026-04-27,05:00:00,HYPEUSDT,LONG,42.812,42.0278,42.193,1.83,YES,43.751,45.769,45.9488,1.2,3.77,4,50,LOSS,SL,42.0278,-2.75,TAKEN,LOSS,SL,42.0278,-2.75,0
2026-04-27,04:30:00,HYPEUSDT,LONG,43.107,42.1253,42.28,2.28,NO,43.751,45.769,47.0338,0.66,2.71,4,50,LOSS,SL,42.1253,-3.42,SKIPPED,SKIPPED,SKIPPED,,0,3.42
2026-04-27,04:00:00,HYPEUSDT,LONG,43.152,42.1265,42.28,2.38,NO,43.751,45.769,47.254,0.58,2.55,4,50,LOSS,SL,42.1265,-3.56,SKIPPED,SKIPPED,SKIPPED,,0,3.56
2026-04-27,03:30:00,HYPEUSDT,LONG,43.481,42.114,42.28,3.14,NO,43.751,45.769,48.949,0.2,1.67,4,50,LOSS,SL,42.114,-4.72,SKIPPED,SKIPPED,SKIPPED,,0,4.72
2026-04-27,03:00:00,HYPEUSDT,LONG,43.099,42.1196,42.28,2.27,NO,43.751,45.769,47.0166,0.67,2.73,4,50,LOSS,SL,42.1196,-3.41,SKIPPED,SKIPPED,SKIPPED,,0,3.41
2026-04-27,02:30:00,HYPEUSDT,LONG,42.87,42.1175,42.28,1.76,YES,43.751,45.769,45.88,1.17,3.85,4,50,LOSS,SL,42.1175,-2.63,TAKEN,LOSS,SL,42.1175,-2.63,0
2026-04-27,00:45:00,HYPEUSDT,LONG,42.796,42.3461,42.469,1.05,YES,43.751,44.5956,45.769,2.12,4,6.61,50,LOSS,SL,42.3461,-1.58,TAKEN,LOSS,SL,42.3461,-1.58,0
2026-04-26,23:30:00,HYPEUSDT,LONG,42.476,42.1426,42.267,0.78,YES,43.751,43.8096,45.769,3.82,4,9.88,50,LOSS,SL,42.1426,-1.18,TAKEN,LOSS,SL,42.1426,-1.18,0
2026-04-26,16:15:00,HYPEUSDT,LONG,41.348,41.123,41.199,0.54,YES,41.588,42.4793,43.751,1.07,5.03,10.68,50,LOSS,SL,41.123,-0.82,TAKEN,LOSS,SL,41.123,-0.82,0
2026-04-26,15:45:00,HYPEUSDT,LONG,41.336,41.1331,41.199,0.49,YES,41.588,42.4793,43.751,1.24,5.63,11.9,50,LOSS,SL,41.1331,-0.74,TAKEN,LOSS,SL,41.1331,-0.74,0
2026-04-26,12:15:00,HYPEUSDT,LONG,41.091,40.8491,40.908,0.59,YES,41.588,42.4793,43.751,2.05,5.74,11,50,LOSS,SL,40.8491,-0.88,TAKEN,LOSS,SL,40.8491,-0.88,0
2026-04-26,11:45:00,HYPEUSDT,LONG,41.124,40.8504,40.908,0.67,YES,41.588,42.4793,43.751,1.7,4.95,9.6,50,LOSS,SL,40.8504,-1,TAKEN,LOSS,SL,40.8504,-1,0
2026-04-26,11:15:00,HYPEUSDT,LONG,41.167,40.8524,40.908,0.76,YES,41.588,42.4793,43.751,1.34,4.17,8.21,50,LOSS,SL,40.8524,-1.15,TAKEN,LOSS,SL,40.8524,-1.15,0
2026-04-26,10:45:00,HYPEUSDT,LONG,41.127,40.8588,40.908,0.65,YES,41.588,42.4793,43.751,1.72,5.04,9.78,50,LOSS,SL,40.8588,-0.98,TAKEN,LOSS,SL,40.8588,-0.98,0
2026-04-26,10:15:00,HYPEUSDT,LONG,41.176,41.0525,41.1,0.3,YES,41.588,42.4793,43.751,3.34,10.55,20.85,50,LOSS,SL,41.0525,-0.45,TAKEN,LOSS,SL,41.0525,-0.45,0
2026-04-26,09:45:00,HYPEUSDT,LONG,41.205,41.0579,41.1,0.36,YES,41.588,42.4793,43.751,2.6,8.66,17.31,50,LOSS,SL,41.0579,-0.54,TAKEN,LOSS,SL,41.0579,-0.54,0
2026-04-26,08:15:00,HYPEUSDT,LONG,41.202,41.0475,41.088,0.37,YES,41.588,42.4793,43.751,2.5,8.27,16.5,50,LOSS,SL,41.0475,-0.56,TAKEN,LOSS,SL,41.0475,-0.56,0
2026-04-26,07:45:00,HYPEUSDT,LONG,41.228,41.0447,41.088,0.44,YES,41.588,42.4793,43.751,1.96,6.83,13.76,50,LOSS,SL,41.0447,-0.67,TAKEN,LOSS,SL,41.0447,-0.67,0
2026-04-26,07:15:00,HYPEUSDT,LONG,41.239,41.0445,41.088,0.47,YES,41.588,42.4793,43.751,1.79,6.38,12.92,50,LOSS,SL,41.0445,-0.71,TAKEN,LOSS,SL,41.0445,-0.71,0
2026-04-26,06:45:00,HYPEUSDT,LONG,41.291,41.1045,41.155,0.45,YES,41.588,42.4793,43.751,1.59,6.37,13.19,50,LOSS,SL,41.1045,-0.68,TAKEN,LOSS,SL,41.1045,-0.68,0
2026-04-26,05:30:00,HYPEUSDT,LONG,41.356,41.075,41.155,0.68,YES,41.588,42.4793,43.751,0.83,4,8.52,50,LOSS,SL,41.075,-1.02,TAKEN,LOSS,SL,41.075,-1.02,0
2026-04-26,05:00:00,HYPEUSDT,LONG,41.478,41.0071,41.093,1.14,YES,41.588,42.4793,43.751,0.23,2.13,4.83,50,LOSS,SL,41.0071,-1.7,TAKEN,LOSS,SL,41.0071,-1.7,0
2026-04-26,03:00:00,HYPEUSDT,LONG,41.404,41.142,41.227,0.63,YES,41.588,42.4793,43.751,0.7,4.1,8.96,50,LOSS,SL,41.142,-0.95,TAKEN,LOSS,SL,41.142,-0.95,0
2026-04-26,02:30:00,HYPEUSDT,LONG,41.434,41.1471,41.227,0.69,YES,41.588,42.4793,43.751,0.54,3.64,8.08,50,LOSS,SL,41.1471,-1.04,TAKEN,LOSS,SL,41.1471,-1.04,0
2026-04-26,02:00:00,HYPEUSDT,LONG,41.484,41.1648,41.227,0.77,YES,41.588,42.4793,43.751,0.33,3.12,7.1,50,LOSS,SL,41.1648,-1.15,TAKEN,LOSS,SL,41.1648,-1.15,0
2026-04-26,01:30:00,HYPEUSDT,LONG,41.356,41.1675,41.227,0.46,YES,41.588,42.4793,43.751,1.23,5.96,12.71,50,LOSS,SL,41.1675,-0.68,TAKEN,LOSS,SL,41.1675,-0.68,0
2026-04-26,00:30:00,HYPEUSDT,LONG,41.322,41.1685,41.227,0.37,YES,41.588,42.4793,43.751,1.73,7.54,15.82,50,LOSS,SL,41.1685,-0.56,TAKEN,LOSS,SL,41.1685,-0.56,0
2026-04-26,00:00:00,HYPEUSDT,LONG,41.361,41.1265,41.189,0.57,YES,41.588,42.4793,43.751,0.97,4.77,10.19,50,LOSS,SL,41.1265,-0.85,TAKEN,LOSS,SL,41.1265,-0.85,0
2026-04-25,23:30:00,HYPEUSDT,LONG,41.429,41.1331,41.189,0.71,YES,41.588,42.4793,43.751,0.54,3.55,7.85,50,LOSS,SL,41.1331,-1.07,TAKEN,LOSS,SL,41.1331,-1.07,0
2026-04-25,23:00:00,HYPEUSDT,LONG,41.411,41.1345,41.189,0.67,YES,41.588,42.4793,43.751,0.64,3.86,8.46,50,LOSS,SL,41.1345,-1,TAKEN,LOSS,SL,41.1345,-1,0
2026-04-25,19:15:00,HYPEUSDT,LONG,41.21,41.0088,41.061,0.49,YES,41.588,42.4793,43.751,1.88,6.31,12.63,50,LOSS,SL,41.0088,-0.73,TAKEN,LOSS,SL,41.0088,-0.73,0
2026-04-25,18:45:00,HYPEUSDT,LONG,41.236,41.0045,41.061,0.56,YES,41.588,42.4793,43.751,1.52,5.37,10.86,50,LOSS,SL,41.0045,-0.84,TAKEN,LOSS,SL,41.0045,-0.84,0
2026-04-25,18:15:00,HYPEUSDT,LONG,41.19,40.9999,41.061,0.46,YES,41.588,42.4793,43.751,2.09,6.78,13.47,50,LOSS,SL,40.9999,-0.69,TAKEN,LOSS,SL,40.9999,-0.69,0
2026-04-25,16:15:00,HYPEUSDT,LONG,41.051,40.7352,40.809,0.77,YES,41.588,42.4793,43.751,1.7,4.52,8.55,50,BE,SL,41.051,0.78,TAKEN,BE,SL,41.051,0.78,0
2026-04-25,15:45:00,HYPEUSDT,LONG,41.387,40.7158,40.809,1.62,YES,41.588,42.4793,43.751,0.3,1.63,3.52,50,BE,SL,41.387,0.29,TAKEN,BE,SL,41.387,0.29,0
2026-04-25,15:15:00,HYPEUSDT,LONG,41.619,40.7111,40.809,2.18,NO,42.4793,43.751,45.769,0.95,2.35,4.57,50,OPEN,OPEN,,0,SKIPPED,SKIPPED,SKIPPED,,0,0
2026-04-28,21:30:00,VIRTUALUSDT,SHORT,0.6881,0.6934,0.6922,0.77,YES,0.6601,0.6418,0.6205,5.28,8.74,12.75,50,LOSS,SL,0.6934,-1.16,TAKEN,LOSS,SL,0.6934,-1.16,0
2026-04-28,19:15:00,VIRTUALUSDT,SHORT,0.6897,0.6939,0.6927,0.61,YES,0.6601,0.6418,0.6205,7.05,11.4,16.48,50,LOSS,SL,0.6939,-0.91,TAKEN,LOSS,SL,0.6939,-0.91,0
2026-04-28,18:30:00,VIRTUALUSDT,SHORT,0.6896,0.6939,0.6927,0.62,YES,0.6601,0.6418,0.6205,6.86,11.12,16.07,50,LOSS,SL,0.6939,-0.94,TAKEN,LOSS,SL,0.6939,-0.94,0
2026-04-28,18:00:00,VIRTUALUSDT,SHORT,0.689,0.694,0.6927,0.73,YES,0.6601,0.6418,0.6205,5.78,9.44,13.7,50,LOSS,SL,0.694,-1.09,TAKEN,LOSS,SL,0.694,-1.09,0
2026-04-28,17:30:00,VIRTUALUSDT,SHORT,0.6896,0.6939,0.6927,0.62,YES,0.6601,0.6418,0.6205,6.86,11.12,16.07,50,LOSS,SL,0.6939,-0.94,TAKEN,LOSS,SL,0.6939,-0.94,0
2026-04-28,17:00:00,VIRTUALUSDT,SHORT,0.6851,0.6942,0.6927,1.33,YES,0.6601,0.6418,0.6205,2.75,4.76,7.1,50,LOSS,SL,0.6942,-1.99,TAKEN,LOSS,SL,0.6942,-1.99,0
2026-04-28,16:30:00,VIRTUALUSDT,SHORT,0.6839,0.6944,0.6927,1.54,YES,0.6601,0.6418,0.6205,2.27,4.01,6.04,50,LOSS,SL,0.6944,-2.3,TAKEN,LOSS,SL,0.6944,-2.3,0
2026-04-28,15:30:00,VIRTUALUSDT,SHORT,0.6803,0.6933,0.691,1.91,YES,0.6601,0.6419,0.6205,1.55,2.95,4.6,50,LOSS,SL,0.6933,-2.87,TAKEN,LOSS,SL,0.6933,-2.87,0
2026-04-28,15:00:00,VIRTUALUSDT,SHORT,0.6858,0.6934,0.691,1.11,YES,0.6601,0.6419,0.6205,3.38,5.78,8.59,50,LOSS,SL,0.6934,-1.66,TAKEN,LOSS,SL,0.6934,-1.66,0
2026-04-28,14:30:00,VIRTUALUSDT,SHORT,0.6806,0.6893,0.6866,1.28,YES,0.6601,0.6419,0.6205,2.36,4.45,6.91,50,LOSS,SL,0.6893,-1.92,TAKEN,LOSS,SL,0.6893,-1.92,0
2026-04-28,14:00:00,VIRTUALUSDT,SHORT,0.6809,0.6894,0.6866,1.25,YES,0.6601,0.6419,0.6205,2.45,4.59,7.11,50,LOSS,SL,0.6894,-1.87,TAKEN,LOSS,SL,0.6894,-1.87,0
2026-04-28,13:00:00,VIRTUALUSDT,SHORT,0.6782,0.6899,0.6869,1.73,YES,0.6601,0.6419,0.6205,1.55,3.1,4.93,50,LOSS,SL,0.6899,-2.59,TAKEN,LOSS,SL,0.6899,-2.59,0
2026-04-28,12:15:00,VIRTUALUSDT,SHORT,0.6803,0.6897,0.6869,1.38,YES,0.6601,0.6419,0.6205,2.15,4.09,6.36,50,LOSS,SL,0.6897,-2.07,TAKEN,LOSS,SL,0.6897,-2.07,0
2026-04-28,09:45:00,VIRTUALUSDT,SHORT,0.6852,0.6906,0.6888,0.79,YES,0.6601,0.6419,0.6205,4.65,8.02,11.98,50,LOSS,SL,0.6906,-1.18,TAKEN,LOSS,SL,0.6906,-1.18,0
2026-04-28,08:00:00,VIRTUALUSDT,SHORT,0.6879,0.6937,0.6921,0.84,YES,0.6601,0.6419,0.6205,4.79,7.93,11.62,50,LOSS,SL,0.6937,-1.26,TAKEN,LOSS,SL,0.6937,-1.26,0
2026-04-28,07:30:00,VIRTUALUSDT,SHORT,0.6876,0.6936,0.6921,0.87,YES,0.6601,0.6419,0.6205,4.58,7.62,11.18,50,LOSS,SL,0.6936,-1.31,TAKEN,LOSS,SL,0.6936,-1.31,0
2026-04-28,07:00:00,VIRTUALUSDT,SHORT,0.6855,0.6937,0.6921,1.2,YES,0.6601,0.6419,0.6205,3.1,5.32,7.93,50,LOSS,SL,0.6937,-1.79,TAKEN,LOSS,SL,0.6937,-1.79,0
2026-04-28,06:30:00,VIRTUALUSDT,SHORT,0.6857,0.6939,0.6921,1.2,YES,0.6601,0.6419,0.6205,3.12,5.34,7.95,50,LOSS,SL,0.6939,-1.79,TAKEN,LOSS,SL,0.6939,-1.79,0
2026-04-28,05:30:00,VIRTUALUSDT,SHORT,0.6919,0.6979,0.6958,0.87,YES,0.6601,0.6419,0.6205,5.3,8.33,11.9,50,LOSS,SL,0.6979,-1.3,TAKEN,LOSS,SL,0.6979,-1.3,0
2026-04-28,04:15:00,VIRTUALUSDT,SHORT,0.6913,0.6984,0.6963,1.03,YES,0.6601,0.6419,0.6205,4.39,6.96,9.97,50,LOSS,SL,0.6984,-1.54,TAKEN,LOSS,SL,0.6984,-1.54,0
2026-04-28,03:30:00,VIRTUALUSDT,SHORT,0.6899,0.6974,0.6954,1.09,YES,0.6601,0.6419,0.6205,3.97,6.4,9.25,50,LOSS,SL,0.6974,-1.63,TAKEN,LOSS,SL,0.6974,-1.63,0
2026-04-28,03:00:00,VIRTUALUSDT,SHORT,0.6893,0.6972,0.6954,1.15,YES,0.6601,0.6419,0.6205,3.7,6,8.71,50,LOSS,SL,0.6972,-1.72,TAKEN,LOSS,SL,0.6972,-1.72,0
2026-04-28,02:30:00,VIRTUALUSDT,SHORT,0.6889,0.697,0.6954,1.18,YES,0.6601,0.6419,0.6205,3.56,5.8,8.44,50,LOSS,SL,0.697,-1.76,TAKEN,LOSS,SL,0.697,-1.76,0
2026-04-28,00:15:00,VIRTUALUSDT,SHORT,0.6957,0.7029,0.7011,1.03,YES,0.6601,0.6419,0.6205,4.94,7.47,10.44,50,LOSS,SL,0.7029,-1.55,TAKEN,LOSS,SL,0.7029,-1.55,0
2026-04-27,23:30:00,VIRTUALUSDT,SHORT,0.6976,0.7029,0.7011,0.76,YES,0.6601,0.6419,0.6205,7.08,10.51,14.55,50,LOSS,SL,0.7029,-1.14,TAKEN,LOSS,SL,0.7029,-1.14,0
2026-04-27,23:00:00,VIRTUALUSDT,SHORT,0.6944,0.7012,0.6994,0.98,YES,0.6601,0.6419,0.6205,5.04,7.72,10.87,50,LOSS,SL,0.7012,-1.47,TAKEN,LOSS,SL,0.7012,-1.47,0
2026-04-27,22:30:00,VIRTUALUSDT,SHORT,0.6943,0.7009,0.6994,0.95,YES,0.6601,0.6419,0.6205,5.18,7.94,11.18,50,LOSS,SL,0.7009,-1.43,TAKEN,LOSS,SL,0.7009,-1.43,0
2026-04-27,22:00:00,VIRTUALUSDT,SHORT,0.6919,0.7008,0.6994,1.29,YES,0.6601,0.6419,0.6205,3.57,5.62,8.02,50,LOSS,SL,0.7008,-1.93,TAKEN,LOSS,SL,0.7008,-1.93,0
2026-04-27,21:30:00,VIRTUALUSDT,SHORT,0.6919,0.7008,0.6994,1.29,YES,0.6601,0.6419,0.6205,3.57,5.62,8.02,50,LOSS,SL,0.7008,-1.93,TAKEN,LOSS,SL,0.7008,-1.93,0
2026-04-27,21:00:00,VIRTUALUSDT,SHORT,0.6894,0.7008,0.6994,1.65,YES,0.6601,0.6419,0.6205,2.57,4.17,6.04,50,LOSS,SL,0.7008,-2.48,TAKEN,LOSS,SL,0.7008,-2.48,0
2026-04-27,20:30:00,VIRTUALUSDT,SHORT,0.6889,0.7007,0.6994,1.71,YES,0.6601,0.6419,0.6205,2.44,3.98,5.8,50,LOSS,SL,0.7007,-2.57,TAKEN,LOSS,SL,0.7007,-2.57,0
2026-04-27,20:00:00,VIRTUALUSDT,SHORT,0.6889,0.7007,0.6994,1.71,YES,0.6601,0.6419,0.6205,2.44,3.98,5.8,50,LOSS,SL,0.7007,-2.57,TAKEN,LOSS,SL,0.7007,-2.57,0
2026-04-27,19:15:00,VIRTUALUSDT,SHORT,0.6843,0.6917,0.6902,1.08,YES,0.6601,0.6419,0.6205,3.27,5.73,8.62,50,LOSS,SL,0.6917,-1.62,TAKEN,LOSS,SL,0.6917,-1.62,0
2026-04-27,18:15:00,VIRTUALUSDT,SHORT,0.6881,0.692,0.6905,0.57,YES,0.6601,0.6419,0.6205,7.18,11.85,17.33,50,LOSS,SL,0.692,-0.85,TAKEN,LOSS,SL,0.692,-0.85,0
2026-04-27,17:45:00,VIRTUALUSDT,SHORT,0.6871,0.692,0.6905,0.71,YES,0.6601,0.6419,0.6205,5.51,9.22,13.59,50,LOSS,SL,0.692,-1.07,TAKEN,LOSS,SL,0.692,-1.07,0
2026-04-27,17:00:00,VIRTUALUSDT,SHORT,0.6853,0.6924,0.6906,1.04,YES,0.6601,0.6419,0.6205,3.55,6.11,9.13,50,LOSS,SL,0.6924,-1.55,TAKEN,LOSS,SL,0.6924,-1.55,0
2026-04-27,16:30:00,VIRTUALUSDT,SHORT,0.6826,0.6924,0.6906,1.44,YES,0.6601,0.6419,0.6205,2.3,4.15,6.34,50,LOSS,SL,0.6924,-2.15,TAKEN,LOSS,SL,0.6924,-2.15,0
2026-04-27,16:00:00,VIRTUALUSDT,SHORT,0.6823,0.6924,0.6906,1.48,YES,0.6601,0.6419,0.6205,2.2,4,6.12,50,LOSS,SL,0.6924,-2.22,TAKEN,LOSS,SL,0.6924,-2.22,0
2026-04-27,13:45:00,VIRTUALUSDT,SHORT,0.6965,0.7114,0.7078,2.14,NO,0.6601,0.6421,0.6205,2.44,3.65,5.1,50,LOSS,SL,0.7114,-3.21,SKIPPED,SKIPPED,SKIPPED,,0,3.21
2026-04-27,12:45:00,VIRTUALUSDT,SHORT,0.6985,0.7114,0.7078,1.85,YES,0.6601,0.6421,0.6205,2.98,4.37,6.05,50,LOSS,SL,0.7114,-2.77,TAKEN,LOSS,SL,0.7114,-2.77,0
2026-04-27,12:15:00,VIRTUALUSDT,SHORT,0.6977,0.7045,0.701,0.97,YES,0.6601,0.6421,0.6205,5.53,8.18,11.35,50,LOSS,SL,0.7045,-1.46,TAKEN,LOSS,SL,0.7045,-1.46,0
2026-04-27,11:30:00,VIRTUALUSDT,SHORT,0.6966,0.7034,0.701,0.98,YES,0.6601,0.6421,0.6205,5.37,8.01,11.19,50,LOSS,SL,0.7034,-1.46,TAKEN,LOSS,SL,0.7034,-1.46,0
2026-04-27,11:00:00,VIRTUALUSDT,SHORT,0.6964,0.7029,0.701,0.93,YES,0.6601,0.6421,0.6205,5.58,8.35,11.68,50,LOSS,SL,0.7029,-1.4,TAKEN,LOSS,SL,0.7029,-1.4,0
2026-04-27,08:30:00,VIRTUALUSDT,SHORT,0.6926,0.7031,0.7014,1.52,YES,0.6601,0.6421,0.6205,3.1,4.81,6.87,50,LOSS,SL,0.7031,-2.27,TAKEN,LOSS,SL,0.7031,-2.27,0
2026-04-27,08:00:00,VIRTUALUSDT,SHORT,0.6959,0.7033,0.7014,1.06,YES,0.6601,0.6421,0.6205,4.84,7.27,10.19,50,LOSS,SL,0.7033,-1.6,TAKEN,LOSS,SL,0.7033,-1.6,0
2026-04-27,07:30:00,VIRTUALUSDT,SHORT,0.6964,0.7031,0.7014,0.96,YES,0.6601,0.6421,0.6205,5.42,8.1,11.33,50,LOSS,SL,0.7031,-1.44,TAKEN,LOSS,SL,0.7031,-1.44,0
2026-04-27,02:45:00,VIRTUALUSDT,SHORT,0.7318,0.7423,0.7384,1.43,YES,0.7183,0.7043,0.6601,1.29,2.62,6.83,50,BE,SL,0.7183,3.77,TAKEN,BE,SL,0.7183,3.77,0
2026-04-27,02:15:00,VIRTUALUSDT,SHORT,0.7293,0.7424,0.7384,1.8,YES,0.7183,0.7043,0.6601,0.84,1.91,5.28,50,BE,SL,0.7183,3.27,TAKEN,BE,SL,0.7183,3.27,0
2026-04-27,01:45:00,VIRTUALUSDT,SHORT,0.7285,0.7421,0.7384,1.87,YES,0.7183,0.7043,0.6601,0.75,1.78,5.03,50,BE,SL,0.7183,3.11,TAKEN,BE,SL,0.7183,3.11,0
2026-04-27,01:15:00,VIRTUALUSDT,SHORT,0.721,0.733,0.7303,1.66,YES,0.7183,0.7043,0.6601,0.22,1.39,5.07,50,BE,SL,0.7183,1.58,TAKEN,BE,SL,0.7183,1.58,0
2026-04-27,00:45:00,VIRTUALUSDT,SHORT,0.7206,0.7331,0.7303,1.73,YES,0.7183,0.7043,0.6601,0.18,1.3,4.84,50,BE,SL,0.7183,1.5,TAKEN,BE,SL,0.7183,1.5,0
2026-04-27,00:15:00,VIRTUALUSDT,SHORT,0.7106,0.7334,0.7303,3.21,NO,0.7043,0.6601,0.6421,0.28,2.21,3,50,BE,SL,0.7106,0.53,SKIPPED,SKIPPED,SKIPPED,,0,-0.53
2026-04-26,23:45:00,VIRTUALUSDT,SHORT,0.7118,0.7333,0.7303,3.02,NO,0.7043,0.6601,0.6421,0.35,2.4,3.24,50,BE,SL,0.7118,0.63,SKIPPED,SKIPPED,SKIPPED,,0,-0.63
2026-04-26,23:15:00,VIRTUALUSDT,SHORT,0.7108,0.7194,0.7165,1.21,YES,0.7043,0.6601,0.6421,0.76,5.9,7.99,50,BE,SL,0.7108,0.55,TAKEN,BE,SL,0.7108,0.55,0
2026-04-26,22:30:00,VIRTUALUSDT,SHORT,0.7107,0.7192,0.7165,1.2,YES,0.7043,0.6601,0.6421,0.75,5.95,8.07,50,BE,SL,0.7107,0.54,TAKEN,BE,SL,0.7107,0.54,0
2026-04-26,21:45:00,VIRTUALUSDT,SHORT,0.7126,0.7204,0.7177,1.09,YES,0.7043,0.6601,0.6421,1.06,6.73,9.04,50,BE_PARTIAL,TP1,,0.7,TAKEN,BE_PARTIAL,TP1,,0.7,0
2026-04-28,21:15:00,APTUSDT,LONG,0.9646,0.9596,0.961,0.52,YES,0.9881,1.001,1.0072,4.7,7.28,8.52,50,LOSS,SL,0.9596,-0.78,TAKEN,LOSS,SL,0.9596,-0.78,0
2026-04-28,20:45:00,APTUSDT,LONG,0.9661,0.9595,0.961,0.68,YES,0.9881,1.001,1.0072,3.33,5.29,6.23,50,LOSS,SL,0.9595,-1.02,TAKEN,LOSS,SL,0.9595,-1.02,0
2026-04-28,20:15:00,APTUSDT,LONG,0.9688,0.9595,0.961,0.96,YES,0.9881,1.001,1.0072,2.08,3.46,4.13,50,LOSS,SL,0.9595,-1.44,TAKEN,LOSS,SL,0.9595,-1.44,0
2026-04-28,19:45:00,APTUSDT,LONG,0.97,0.9595,0.961,1.08,YES,0.9881,1.001,1.0072,1.72,2.95,3.54,50,LOSS,SL,0.9595,-1.62,TAKEN,LOSS,SL,0.9595,-1.62,0
2026-04-28,19:15:00,APTUSDT,LONG,0.9652,0.9593,0.961,0.61,YES,0.9881,1.001,1.0072,3.88,6.07,7.12,50,LOSS,SL,0.9593,-0.92,TAKEN,LOSS,SL,0.9593,-0.92,0
2026-04-28,18:45:00,APTUSDT,LONG,0.9675,0.962,0.9638,0.57,YES,0.9881,1.001,1.0072,3.75,6.09,7.22,50,LOSS,SL,0.962,-0.85,TAKEN,LOSS,SL,0.962,-0.85,0
2026-04-28,18:15:00,APTUSDT,LONG,0.9666,0.962,0.9638,0.48,YES,0.9881,1.001,1.0072,4.67,7.48,8.83,50,LOSS,SL,0.962,-0.71,TAKEN,LOSS,SL,0.962,-0.71,0
2026-04-28,16:45:00,APTUSDT,LONG,0.9627,0.9572,0.9591,0.57,YES,0.9881,1.001,1.0072,4.62,6.96,8.09,50,LOSS,SL,0.9572,-0.86,TAKEN,LOSS,SL,0.9572,-0.86,0
2026-04-28,16:15:00,APTUSDT,LONG,0.9673,0.9569,0.9591,1.08,YES,0.9881,1.001,1.0072,2,3.24,3.84,50,LOSS,SL,0.9569,-1.61,TAKEN,LOSS,SL,0.9569,-1.61,0
2026-04-28,15:45:00,APTUSDT,LONG,0.9639,0.9569,0.9591,0.73,YES,0.9881,1.0041,1.0072,3.46,5.74,6.19,50,LOSS,SL,0.9569,-1.09,TAKEN,LOSS,SL,0.9569,-1.09,0
2026-04-28,15:15:00,APTUSDT,LONG,0.9651,0.9566,0.9591,0.88,YES,0.9881,1.0041,1.0072,2.71,4.59,4.95,50,LOSS,SL,0.9566,-1.32,TAKEN,LOSS,SL,0.9566,-1.32,0
2026-04-28,14:00:00,APTUSDT,LONG,0.9667,0.9524,0.9556,1.48,YES,0.9881,1.0041,1.0072,1.5,2.62,2.83,50,BE,SL,0.9667,1.33,TAKEN,BE,SL,0.9667,1.33,0
2026-04-28,13:30:00,APTUSDT,LONG,0.9654,0.952,0.9556,1.39,YES,0.9881,1.0041,1.0072,1.69,2.89,3.12,50,BE,SL,0.9654,1.41,TAKEN,BE,SL,0.9654,1.41,0
2026-04-28,12:30:00,APTUSDT,LONG,0.9622,0.9513,0.955,1.13,YES,0.9881,1.0041,1.0072,2.38,3.84,4.13,50,BE,SL,0.9622,1.62,TAKEN,BE,SL,0.9622,1.62,0
2026-04-28,11:15:00,APTUSDT,LONG,0.9607,0.9523,0.9558,0.87,YES,0.9881,1.0041,1.0072,3.26,5.17,5.54,50,BE,SL,0.9607,1.71,TAKEN,BE,SL,0.9607,1.71,0
2026-04-28,10:45:00,APTUSDT,LONG,0.9649,0.9526,0.9558,1.27,YES,0.9881,1.0041,1.0072,1.89,3.19,3.44,50,BE,SL,0.9649,1.44,TAKEN,BE,SL,0.9649,1.44,0
2026-04-28,10:15:00,APTUSDT,LONG,0.9625,0.9528,0.9558,1.01,YES,0.9881,1.0041,1.0072,2.64,4.29,4.61,50,BE,SL,0.9625,1.6,TAKEN,BE,SL,0.9625,1.6,0
2026-04-28,09:45:00,APTUSDT,LONG,0.9626,0.953,0.9558,1,YES,0.9881,1.0041,1.0072,2.66,4.32,4.65,50,BE,SL,0.9626,1.59,TAKEN,BE,SL,0.9626,1.59,0
2026-04-28,09:15:00,APTUSDT,LONG,0.9712,0.9558,0.9585,1.59,YES,0.9881,1.0041,1.0072,1.1,2.14,2.34,50,LOSS,SL,0.9558,-2.38,TAKEN,LOSS,SL,0.9558,-2.38,0
2026-04-28,06:45:00,APTUSDT,LONG,0.9616,0.9519,0.9547,1.01,YES,0.9881,1.0041,1.0072,2.73,4.38,4.7,50,BE,SL,0.9616,1.65,TAKEN,BE,SL,0.9616,1.65,0
2026-04-28,06:15:00,APTUSDT,LONG,0.9712,0.9515,0.9547,2.03,NO,0.9881,1.0041,1.0072,0.86,1.67,1.83,50,BE,SL,0.9712,1.04,SKIPPED,SKIPPED,SKIPPED,,0,-1.04
2026-04-28,05:45:00,APTUSDT,LONG,0.9702,0.9516,0.9547,1.92,YES,0.9881,1.0041,1.0072,0.96,1.82,1.99,50,BE,SL,0.9702,1.11,TAKEN,BE,SL,0.9702,1.11,0
2026-04-28,05:15:00,APTUSDT,LONG,0.976,0.9517,0.9547,2.49,NO,0.9881,1.0041,1.0072,0.5,1.16,1.28,50,BE,SL,0.976,0.74,SKIPPED,SKIPPED,SKIPPED,,0,-0.74
2026-04-28,04:45:00,APTUSDT,LONG,0.9837,0.9509,0.9547,3.33,NO,0.9881,1.0041,1.0072,0.13,0.62,0.72,49.98,LOSS,SL,0.9509,-5,SKIPPED,SKIPPED,SKIPPED,,0,5
2026-04-28,04:15:00,APTUSDT,LONG,0.9815,0.9508,0.9547,3.13,NO,0.9881,1.0041,1.0072,0.21,0.74,0.84,50,LOSS,SL,0.9508,-4.69,SKIPPED,SKIPPED,SKIPPED,,0,4.69
2026-04-28,03:45:00,APTUSDT,LONG,0.9748,0.9502,0.9547,2.52,NO,0.9881,1.0041,1.0072,0.54,1.19,1.32,50,LOSS,SL,0.9502,-3.79,SKIPPED,SKIPPED,SKIPPED,,0,3.79
2026-04-28,03:15:00,APTUSDT,LONG,0.9613,0.95,0.9547,1.18,YES,0.9881,1.0041,1.0072,2.37,3.79,4.06,50,LOSS,SL,0.95,-1.76,TAKEN,LOSS,SL,0.95,-1.76,0
2026-04-28,02:45:00,APTUSDT,LONG,0.9626,0.9553,0.9593,0.76,YES,0.9881,1.0041,1.0072,3.49,5.68,6.11,50,LOSS,SL,0.9553,-1.14,TAKEN,LOSS,SL,0.9553,-1.14,0
2026-04-28,02:15:00,APTUSDT,LONG,0.9671,0.9549,0.9593,1.26,YES,0.9881,1.0041,1.0072,1.72,3.03,3.29,50,LOSS,SL,0.9549,-1.89,TAKEN,LOSS,SL,0.9549,-1.89,0
2026-04-28,01:15:00,APTUSDT,LONG,0.9682,0.9561,0.9592,1.25,YES,0.9881,1.0041,1.0072,1.64,2.97,3.22,50,LOSS,SL,0.9561,-1.87,TAKEN,LOSS,SL,0.9561,-1.87,0
2026-04-27,20:30:00,APTUSDT,LONG,0.9522,0.9476,0.9494,0.48,YES,0.9881,1.0041,1.0072,7.8,11.28,11.96,50,LOSS,SL,0.9476,-0.72,TAKEN,LOSS,SL,0.9476,-0.72,0
2026-04-27,19:00:00,APTUSDT,LONG,0.9512,0.9412,0.9434,1.05,YES,0.9881,1.0041,1.0072,3.69,5.29,5.6,50,LOSS,SL,0.9412,-1.58,TAKEN,LOSS,SL,0.9412,-1.58,0
2026-04-27,18:30:00,APTUSDT,LONG,0.9522,0.9414,0.9434,1.13,YES,0.9881,1.0041,1.0072,3.32,4.81,5.09,50,LOSS,SL,0.9414,-1.7,TAKEN,LOSS,SL,0.9414,-1.7,0
2026-04-27,18:00:00,APTUSDT,LONG,0.9519,0.9415,0.9434,1.09,YES,0.9881,1.0041,1.0072,3.48,5.02,5.32,50,LOSS,SL,0.9415,-1.64,TAKEN,LOSS,SL,0.9415,-1.64,0
2026-04-27,17:30:00,APTUSDT,LONG,0.954,0.9488,0.9506,0.55,YES,0.9881,1.0041,1.0072,6.56,9.63,10.23,50,LOSS,SL,0.9488,-0.82,TAKEN,LOSS,SL,0.9488,-0.82,0
2026-04-27,16:15:00,APTUSDT,LONG,0.95,0.9452,0.9471,0.51,YES,0.9881,1.0041,1.0072,7.94,11.27,11.92,50,LOSS,SL,0.9452,-0.76,TAKEN,LOSS,SL,0.9452,-0.76,0
2026-04-27,15:00:00,APTUSDT,LONG,0.9553,0.9442,0.9471,1.16,YES,0.9881,1.0041,1.0072,2.95,4.4,4.68,50,BE,SL,0.9553,2.06,TAKEN,BE,SL,0.9553,2.06,0
2026-04-27,14:30:00,APTUSDT,LONG,0.968,0.9351,0.9386,3.4,NO,0.9881,1.0041,1.0072,0.61,1.1,1.19,49.04,BE,SL,0.968,1.22,SKIPPED,SKIPPED,SKIPPED,,0,-1.22
2026-04-27,14:00:00,APTUSDT,LONG,0.9584,0.9348,0.9386,2.46,NO,0.9881,1.0041,1.0072,1.26,1.94,2.07,50,BE,SL,0.9584,1.86,SKIPPED,SKIPPED,SKIPPED,,0,-1.86
2026-04-27,13:30:00,APTUSDT,LONG,0.9601,0.9347,0.9386,2.65,NO,0.9881,1.0041,1.0072,1.1,1.73,1.85,50,BE,SL,0.9601,1.75,SKIPPED,SKIPPED,SKIPPED,,0,-1.75
2026-04-27,11:45:00,APTUSDT,LONG,0.9573,0.9501,0.9531,0.75,YES,0.9881,1.0041,1.0072,4.28,6.5,6.93,50,LOSS,SL,0.9501,-1.13,TAKEN,LOSS,SL,0.9501,-1.13,0
2026-04-27,11:15:00,APTUSDT,LONG,0.9569,0.9508,0.9531,0.64,YES,0.9881,1.0041,1.0072,5.11,7.74,8.25,50,LOSS,SL,0.9508,-0.96,TAKEN,LOSS,SL,0.9508,-0.96,0
2026-04-27,10:30:00,APTUSDT,LONG,0.957,0.9518,0.9536,0.54,YES,0.9881,1.0041,1.0072,5.98,9.06,9.65,50,LOSS,SL,0.9518,-0.82,TAKEN,LOSS,SL,0.9518,-0.82,0
2026-04-27,09:45:00,APTUSDT,LONG,0.9556,0.9518,0.9535,0.4,YES,0.9881,1.0041,1.0072,8.55,12.76,13.58,50,LOSS,SL,0.9518,-0.6,TAKEN,LOSS,SL,0.9518,-0.6,0
2026-04-27,09:00:00,APTUSDT,LONG,0.9553,0.9519,0.9535,0.36,YES,0.9881,1.0041,1.0072,9.65,14.35,15.26,50,LOSS,SL,0.9519,-0.53,TAKEN,LOSS,SL,0.9519,-0.53,0
2026-04-27,08:00:00,APTUSDT,LONG,0.9521,0.9454,0.9473,0.7,YES,0.9881,1.0041,1.0072,5.37,7.76,8.22,50,BE_PARTIAL,TP1,,2.27,TAKEN,BE_PARTIAL,TP1,,2.27,0