Date,Time,Exchange,Symbol,Side,Quantity,Price,Stop Loss,Take Profit,RR,Total USD,Fee,Order ID,Mode,Strategy
2026-04-25,06:06:01,BitGet,HYPEUSDT,long,0.121406,41.18,40.61,42.045,1.5,5.00,0,PAPER-1777097161176,paper,VWAP Scalper v1.3
2026-04-26,21:55:56,BitGet,VIRTUALUSDT,long,7.06115,0.71,0.6969,0.7248,1.49,5.00,0,PAPER-1777240556140,paper,VWAP Scalper v1.3
2026-04-27,12:11:41,BitGet,JUPUSDT,long,26.329647,0.19,0.1849,0.1975,1.52,5.00,0,PAPER-1777291901466,paper,VWAP Scalper v1.3
2026-04-28,10:24:54,BitGet,JUPUSDT,long,26.02811,0.19,0.1856,0.2018,1.49,5.00,0,PAPER-1777371894647,paper,VWAP Scalper v1.3
2026-04-28,23:13:09,BitGet,SOLUSDT,short,0.0597,83.75,84.8816,82.0575,1.5,5.00,0,PAPER-1777417989240,paper,VWAP Scalper v1.3
2026-04-29,09:36:44,BitGet,HYPEUSDT,short,0.123686,40.42,41.1946,39.2705,1.5,5.00,0,PAPER-1777455404852,paper,VWAP Scalper v1.3
2026-04-30,07:34:37,BitGet,VIRTUALUSDT,short,7.227522,0.69,0.708,0.6676,1.49,5.00,0,PAPER-1777534477447,paper,VWAP Scalper v1.3
2026-04-30,07:34:37,BitGet,ONDOUSDT,short,19.033118,0.26,0.2678,0.2551,1.49,5.00,0,PAPER-1777534477711,paper,VWAP Scalper v1.3
2026-04-30,07:34:37,BitGet,JUPUSDT,short,27.53304,0.18,0.1868,0.1739,1.48,5.00,0,PAPER-1777534477842,paper,VWAP Scalper v1.3
2026-04-30,20:43:00,BitGet,XRPUSDT,short,3.648836,1.37,1.3861,1.3465,1.51,5.00,0,PAPER-1777581780924,paper,VWAP Scalper v1.3
2026-04-30,20:43:01,BitGet,HYPEUSDT,short,0.127554,39.20,39.8309,38.2511,1.5,5.00,0,PAPER-1777581781273,paper,VWAP Scalper v1.3
2026-05-03,11:06:58,BitGet,XRPUSDT,long,3.604123,1.39,1.3776,1.4019,1.51,5.00,0,PAPER-1777806418933,paper,VWAP Scalper v1.3
2026-05-03,22:06:59,BitGet,LINKUSDT,long,0.54603,9.16,9.0781,9.2753,1.5,5.00,0,PAPER-1777846019785,paper,VWAP Scalper v1.3
2026-05-06,20:59:01,BitGet,SOLUSDT,long,0.056138,89.07,87.8728,90.8583,1.5,5.00,0,PAPER-1778101141808,paper,VWAP Scalper v1.3
2026-05-06,20:59:02,BitGet,LINKUSDT,long,0.5001,10.00,9.8295,10.2508,1.5,5.00,0,PAPER-1778101142062,paper,VWAP Scalper v1.3
2026-05-06,22:36:06,BitGet,SOLUSDT,long,0.056122,89.09,87.8968,90.8823,1.5,5.00,0,PAPER-1778106966637,paper,VWAP Scalper v1.3
2026-05-06,22:36:07,BitGet,JUPUSDT,long,25.125628,0.20,0.1933,0.2076,1.51,5.00,0,PAPER-1778106967952,paper,VWAP Scalper v1.3
2026-05-10,07:48:17,BitGet,JUPUSDT,long,20.136931,0.25,0.2369,0.2653,1.49,5.00,0,PAPER-1778399297449,paper,VWAP Scalper v1.3
2026-05-11,11:48:05,BitGet,BTCUSDT,long,0.000062,81105.50,80457.1571,82078.0143,1.5,5.03,0,PAPER-1778500085198,paper,VWAP Scalper v1.3
2026-05-11,11:48:05,BitGet,SOLUSDT,long,0.052482,95.27,93.7618,97.5348,1.5,5.00,0,PAPER-1778500085570,paper,VWAP Scalper v1.3
2026-05-11,11:48:05,BitGet,XRPUSDT,long,3.437371,1.45,1.4334,1.4864,1.5,5.00,0,PAPER-1778500085745,paper,VWAP Scalper v1.3
2026-05-11,11:48:05,BitGet,LINKUSDT,long,0.472903,10.57,10.3856,10.8541,1.5,5.00,0,PAPER-1778500085925,paper,VWAP Scalper v1.3
2026-05-11,12:31:54,BitGet,ETHUSDT,short,0.00214,2336.70,2359.8636,2301.9546,1.5,5.00,0,PAPER-1778502714153,paper,VWAP Scalper v1.3
2026-05-12,08:09:21,BitGet,XRPUSDT,long,3.414601,1.46,1.439,1.5022,1.5,5.00,0,PAPER-1778573361296,paper,VWAP Scalper v1.3
2026-05-14,12:20:11,BitGet,APTUSDT,short,4.86334,1.03,1.0533,0.9902,1.5,5.00,0,PAPER-1778761211059,paper,VWAP Scalper v1.3
2026-05-16,22:30:10,BitGet,BTCUSDT,short,0.000064,78241.10,78933.65,77202.275,1.5,5.01,0,PAPER-1778970610911,paper,VWAP Scalper v1.3
2026-05-16,22:30:11,BitGet,ETHUSDT,short,0.002292,2181.77,2206.6771,2144.4093,1.5,5.00,0,PAPER-1778970611092,paper,VWAP Scalper v1.3
2026-05-16,22:30:11,BitGet,XRPUSDT,short,3.535818,1.41,1.4394,1.3761,1.5,5.00,0,PAPER-1778970611453,paper,VWAP Scalper v1.3
2026-05-16,22:30:11,BitGet,LINKUSDT,short,0.513927,9.73,9.8959,9.4786,1.5,5.00,0,PAPER-1778970611631,paper,VWAP Scalper v1.3
2026-05-17,15:42:01,BitGet,ONDOUSDT,short,14.196479,0.35,0.3617,0.3379,1.51,5.00,0,PAPER-1779032521280,paper,VWAP Scalper v1.3
2026-05-19,17:29:56,BitGet,APTUSDT,long,5.319715,0.94,0.9166,0.9749,1.5,5.00,0,PAPER-1779211796457,paper,VWAP Scalper v1.3
2026-05-19,21:57:17,BitGet,ETHUSDT,short,0.002361,2118.00,2152.8629,2065.7057,1.5,5.00,0,PAPER-1779227837662,paper,VWAP Scalper v1.3
2026-05-19,21:57:18,BitGet,JUPUSDT,short,25.523226,0.20,0.2006,0.1888,1.51,5.00,0,PAPER-1779227838659,paper,VWAP Scalper v1.3
2026-05-19,23:45:09,BitGet,ETHUSDT,short,0.002364,2114.67,2150.2421,2061.3118,1.5,5.00,0,PAPER-1779234309375,paper,VWAP Scalper v1.3
2026-05-21,22:59:21,BitGet,ETHUSDT,short,0.002347,2130.65,2155.77,2092.97,1.5,5.00,0,PAPER-1779404361444,paper,VWAP Scalper v1.3
2026-05-22,00:09:25,BitGet,XRPUSDT,short,3.646175,1.37,1.3878,1.3465,1.5,5.00,0,PAPER-1779408565274,paper,VWAP Scalper v1.3
2026-05-26,00:01:14,BitGet,BTCUSDT,long,0.000065,77294.30,76642.4714,78272.0429,1.5,5.02,0,PAPER-1779753674257,paper,VWAP Scalper v1.3
2026-05-26,00:01:14,BitGet,ETHUSDT,long,0.002366,2112.98,2086.9286,2152.0571,1.5,5.00,0,PAPER-1779753674445,paper,VWAP Scalper v1.3
2026-05-26,00:01:15,BitGet,VIRTUALUSDT,long,6.43915,0.78,0.7561,0.8071,1.5,5.00,0,PAPER-1779753675354,paper,VWAP Scalper v1.3
2026-05-26,00:01:15,BitGet,APTUSDT,long,5.16209,0.97,0.951,0.995,1.5,5.00,0,PAPER-1779753675538,paper,VWAP Scalper v1.3
2026-05-27,03:34:05,BitGet,APTUSDT,long,5.129257,0.97,0.9536,1.0067,1.5,5.00,0,PAPER-1779852845683,paper,VWAP Scalper v1.3
2026-05-29,02:57:07,BitGet,VIRTUALUSDT,short,6.957006,0.72,0.7522,0.6684,1.5,5.00,0,PAPER-1780023427088,paper,VWAP Scalper v1.3
2026-05-29,02:57:07,BitGet,APTUSDT,short,5.359057,0.93,0.9635,0.8872,1.5,5.00,0,PAPER-1780023427255,paper,VWAP Scalper v1.3
2026-05-29,02:57:07,BitGet,ONDOUSDT,short,13.598042,0.37,0.3807,0.3482,1.5,5.00,0,PAPER-1780023427438,paper,VWAP Scalper v1.3
2026-05-29,02:57:07,BitGet,JUPUSDT,short,28.473804,0.18,0.1816,0.1666,1.5,5.00,0,PAPER-1780023427609,paper,VWAP Scalper v1.3
2026-05-29,06:01:50,BitGet,VIRTUALUSDT,short,6.971556,0.72,0.7501,0.6678,1.5,5.00,0,PAPER-1780034510721,paper,VWAP Scalper v1.3
2026-05-29,10:38:57,BitGet,VIRTUALUSDT,short,6.952169,0.72,0.7515,0.6707,1.5,5.00,0,PAPER-1780051137122,paper,VWAP Scalper v1.3
2026-05-30,02:34:01,BitGet,ETHUSDT,long,0.002476,2019.40,1987.2279,2067.6582,1.5,5.00,0,PAPER-1780108441870,paper,VWAP Scalper v1.3
2026-05-31,13:23:30,BitGet,APTUSDT,long,5.299979,0.94,0.9208,0.9774,1.5,5.00,0,PAPER-1780233810856,paper,VWAP Scalper v1.3
2026-06-02,14:05:45,BitGet,HYPEUSDT,long,0.06843,73.07,70.1643,77.4211,1.5,5.00,0,PAPER-1780409145162,paper,VWAP Scalper v1.3
2026-06-03,14:43:15,BitGet,SOLUSDT,short,0.067413,74.17,76.2946,70.983,1.5,5.00,0,PAPER-1780497795595,paper,VWAP Scalper v1.3
2026-06-03,20:16:29,BitGet,ALTUSDT,long,738.989063,0.01,0.0065,0.0071,1.26,5.00,0,PAPER-1780517789284,paper,VWAP Scalper v1.3
2026-06-03,23:28:36,BitGet,VIRTUALUSDT,long,6.836205,0.73,0.6879,0.7967,1.5,5.00,0,PAPER-1780529316924,paper,VWAP Scalper v1.3
2026-06-04,03:44:47,BitGet,ONDOUSDT,long,12.130034,0.41,0.3885,0.4477,1.5,5.00,0,PAPER-1780544687862,paper,VWAP Scalper v1.3
2026-06-04,16:18:49,BitGet,VIRTUALUSDT,short,7.494005,0.67,0.7125,0.5993,1.5,5.00,0,PAPER-1780589929028,paper,VWAP Scalper v1.3
2026-06-04,16:18:49,BitGet,JUPUSDT,short,27.412281,0.18,0.194,0.1649,1.51,5.00,0,PAPER-1780589929449,paper,VWAP Scalper v1.3
2026-06-04,21:10:33,BitGet,ONDOUSDT,short,13.196094,0.38,0.405,0.3397,1.5,5.00,0,PAPER-1780607433644,paper,VWAP Scalper v1.3
2026-06-04,21:45:15,BitGet,ETHUSDT,short,0.002827,1768.37,1823.5964,1685.5304,1.5,5.00,0,PAPER-1780609515088,paper,VWAP Scalper v1.3
2026-06-04,23:04:34,BitGet,XRPUSDT,short,4.270219,1.17,1.2058,1.1185,1.5,5.00,0,PAPER-1780614274744,paper,VWAP Scalper v1.3
2026-06-04,23:04:35,BitGet,JUPUSDT,short,27.412281,0.18,0.194,0.1651,1.49,5.00,0,PAPER-1780614275868,paper,VWAP Scalper v1.3
2026-06-06,02:35:51,BitGet,BTCUSDT,short,0.000082,60917.30,62742.3929,58179.6607,1.5,5.00,0,PAPER-1780713351905,paper,VWAP Scalper v1.3
2026-06-06,02:35:52,BitGet,LINKUSDT,short,0.68018,7.35,7.6664,6.878,1.5,5.00,0,PAPER-1780713352600,paper,VWAP Scalper v1.3
2026-06-06,02:35:52,BitGet,HYPEUSDT,short,0.083745,59.70,63.7949,53.5701,1.5,5.00,0,PAPER-1780713352774,paper,VWAP Scalper v1.3
2026-06-07,17:08:50,BitGet,HYPEUSDT,long,0.084833,58.94,56.207,63.037,1.5,5.00,0,PAPER-1780852130710,paper,VWAP Scalper v1.3
2026-06-07,17:08:51,BitGet,APTUSDT,long,7.423905,0.67,0.6464,0.7141,1.5,5.00,0,PAPER-1780852131057,paper,VWAP Scalper v1.3
2026-06-07,21:05:02,BitGet,LINKUSDT,long,0.652742,7.66,7.4343,7.9986,1.5,5.00,0,PAPER-1780866302927,paper,VWAP Scalper v1.3
2026-06-08,23:09:24,BitGet,APTUSDT,long,7.386615,0.68,0.657,0.7068,1.5,5.00,0,PAPER-1780960164989,paper,VWAP Scalper v1.3
2026-06-09,09:30:11,BitGet,HYPEUSDT,long,0.080299,62.27,59.8381,65.9104,1.5,5.00,0,PAPER-1780997411852,paper,VWAP Scalper v1.3
2026-06-10,03:29:48,BitGet,APTUSDT,short,7.548309,0.66,0.6844,0.6294,1.5,5.00,0,PAPER-1781062188061,paper,VWAP Scalper v1.3
2026-06-11,11:17:43,BitGet,APTUSDT,short,7.897647,0.63,0.6535,0.6025,1.5,5.00,0,PAPER-1781176663351,paper,VWAP Scalper v1.3
2026-06-12,21:11:54,BitGet,BTCUSDT,long,0.000079,63571.00,62731.6071,64830.0893,1.5,5.02,0,PAPER-1781298714728,paper,VWAP Scalper v1.3
2026-06-12,21:11:55,BitGet,VIRTUALUSDT,long,8.185986,0.61,0.5921,0.6388,1.5,5.00,0,PAPER-1781298715777,paper,VWAP Scalper v1.3
2026-06-12,21:52:27,BitGet,VIRTUALUSDT,long,8.195378,0.61,0.5914,0.6381,1.5,5.00,0,PAPER-1781301147387,paper,VWAP Scalper v1.3
2026-06-13,17:16:31,BitGet,JUPUSDT,long,29.086678,0.17,0.1668,0.1796,1.51,5.00,0,PAPER-1781370991269,paper,VWAP Scalper v1.3
2026-06-14,21:04:58,BitGet,SPCXUSDT,long,0.029965,166.86,163.2686,172.2471,1.5,5.00,0,PAPER-1781471098846,paper,VWAP Scalper v1.3
2026-06-15,20:22:41,BitGet,HYPEUSDT,long,0.074441,67.17,65.4278,69.7758,1.5,5.00,0,PAPER-1781554961198,paper,VWAP Scalper v1.3
2026-06-16,03:51:09,BitGet,BTCUSDT,long,0.000076,66108.70,65370.2357,67216.3964,1.5,5.02,0,PAPER-1781581869495,paper,VWAP Scalper v1.3
2026-06-16,03:51:09,BitGet,SOLUSDT,long,0.067882,73.66,72.1481,75.9203,1.5,5.00,0,PAPER-1781581869820,paper,VWAP Scalper v1.3
2026-06-16,03:51:10,BitGet,ONDOUSDT,long,13.394053,0.37,0.3615,0.3909,1.49,5.00,0,PAPER-1781581870814,paper,VWAP Scalper v1.3
2026-06-16,03:51:10,BitGet,JUPUSDT,long,25.947068,0.19,0.1864,0.2021,1.49,5.00,0,PAPER-1781581870984,paper,VWAP Scalper v1.3
2026-06-16,07:11:40,BitGet,SOLUSDT,long,0.067266,74.33,72.8392,76.5712,1.5,5.00,0,PAPER-1781593900253,paper,VWAP Scalper v1.3
2026-06-16,07:11:40,BitGet,XRPUSDT,long,4.0476,1.24,1.2093,1.2743,1.5,5.00,0,PAPER-1781593900381,paper,VWAP Scalper v1.3
2026-06-16,07:11:40,BitGet,LINKUSDT,long,0.605107,8.26,8.0983,8.5101,1.5,5.00,0,PAPER-1781593900518,paper,VWAP Scalper v1.3
2026-06-16,22:18:12,BitGet,HYPEUSDT,long,0.067836,73.71,70.9701,77.8124,1.5,5.00,0,PAPER-1781648292302,paper,VWAP Scalper v1.3
2026-06-16,23:19:04,BitGet,HYPEUSDT,long,0.068018,73.51,70.7731,77.6154,1.5,5.00,0,PAPER-1781651944390,paper,VWAP Scalper v1.3
2026-06-17,03:53:23,BitGet,XRPUSDT,short,4.111842,1.22,1.2469,1.1697,1.5,5.00,0,PAPER-1781668403192,paper,VWAP Scalper v1.3
2026-06-22,20:07:24,BitGet,CRVUSDT,long,23.78687,0.21,0.2064,0.2159,1.5,5.00,0,PAPER-1782158844283,paper,VWAP Scalper v1.3
2026-06-24,02:57:36,BitGet,ETHUSDT,short,0.003004,1664.46,1694.7607,1619.0089,1.5,5.00,0,PAPER-1782269856541,paper,VWAP Scalper v1.3
2026-06-24,02:57:36,BitGet,SOLUSDT,short,0.071948,69.50,70.9886,67.2546,1.5,5.00,0,PAPER-1782269856675,paper,VWAP Scalper v1.3
2026-06-24,02:57:36,BitGet,XRPUSDT,short,4.52284,1.11,1.1226,1.0799,1.5,5.00,0,PAPER-1782269856802,paper,VWAP Scalper v1.3
2026-06-24,02:57:37,BitGet,VIRTUALUSDT,short,8.721437,0.57,0.5871,0.5527,1.49,5.00,0,PAPER-1782269857196,paper,VWAP Scalper v1.3
2026-06-24,02:57:37,BitGet,APTUSDT,short,7.763975,0.64,0.6624,0.6164,1.5,5.00,0,PAPER-1782269857323,paper,VWAP Scalper v1.3
2026-06-24,02:57:37,BitGet,JUPUSDT,short,24.437928,0.20,0.2113,0.1945,1.51,5.00,0,PAPER-1782269857585,paper,VWAP Scalper v1.3
2026-06-25,02:56:45,BitGet,XRPUSDT,short,4.671151,1.07,1.0887,1.0429,1.5,5.00,0,PAPER-1782356205606,paper,VWAP Scalper v1.3
2026-06-25,21:10:43,BitGet,JUPUSDT,long,22.351363,0.22,0.2128,0.2401,1.5,5.00,0,PAPER-1782421843016,paper,VWAP Scalper v1.3
2026-06-27,02:36:52,BitGet,HYPEUSDT,long,0.078034,64.08,61.3531,68.1578,1.5,5.00,0,PAPER-1782527812899,paper,VWAP Scalper v1.3
2026-06-27,06:48:42,BitGet,SOLUSDT,long,0.069232,72.22,69.8846,75.7256,1.5,5.00,0,PAPER-1782542922157,paper,VWAP Scalper v1.3
2026-06-27,13:19:40,BitGet,ONDOUSDT,long,15.673981,0.32,0.3087,0.3344,1.5,5.00,0,PAPER-1782566380137,paper,VWAP Scalper v1.3
2026-06-30,20:55:30,BitGet,VIRTUALUSDT,short,9.496676,0.53,0.5392,0.5074,1.5,5.00,0,PAPER-1782852930952,paper,VWAP Scalper v1.3
2026-06-30,21:41:32,BitGet,VIRTUALUSDT,short,9.49307,0.53,0.5396,0.5074,1.5,5.00,0,PAPER-1782855692431,paper,VWAP Scalper v1.3
2026-06-30,22:57:42,BitGet,VIRTUALUSDT,short,9.507511,0.53,0.5388,0.5066,1.5,5.00,0,PAPER-1782860262897,paper,VWAP Scalper v1.3
2026-07-02,21:13:30,BitGet,SOLUSDT,long,0.061701,81.04,79.0281,84.0478,1.5,5.00,0,PAPER-1783026810656,paper,VWAP Scalper v1.3
2026-07-02,21:13:31,BitGet,APTUSDT,long,8.214227,0.61,0.594,0.6307,1.5,5.00,0,PAPER-1783026811605,paper,VWAP Scalper v1.3
2026-07-02,22:29:22,BitGet,SOLUSDT,long,0.062054,80.58,78.5543,83.6061,1.5,5.00,0,PAPER-1783031362220,paper,VWAP Scalper v1.3
2026-07-02,22:29:23,BitGet,APTUSDT,long,8.231808,0.61,0.5927,0.6294,1.5,5.00,0,PAPER-1783031363128,paper,VWAP Scalper v1.3
2026-07-02,22:29:23,BitGet,JUPUSDT,long,20.424837,0.24,0.2351,0.2594,1.51,5.00,0,PAPER-1783031363506,paper,VWAP Scalper v1.3
2026-07-02,22:29:24,BitGet,STXUSDT,long,30.066146,0.17,0.1624,0.1721,1.49,5.00,0,PAPER-1783031364944,paper,VWAP Scalper v1.3
2026-07-02,22:59:15,BitGet,SOLUSDT,long,0.061969,80.69,78.6643,83.7161,1.5,5.00,0,PAPER-1783033155672,paper,VWAP Scalper v1.3
2026-07-02,22:59:16,BitGet,APTUSDT,long,8.204792,0.61,0.5947,0.6315,1.5,5.00,0,PAPER-1783033156657,paper,VWAP Scalper v1.3
2026-07-02,22:59:17,BitGet,JUPUSDT,long,20.391517,0.25,0.2355,0.2598,1.51,5.00,0,PAPER-1783033157018,paper,VWAP Scalper v1.3
2026-07-03,00:11:21,BitGet,APTUSDT,long,8.211529,0.61,0.5949,0.63,1.51,5.00,0,PAPER-1783037481352,paper,VWAP Scalper v1.3
2026-07-04,20:48:23,BitGet,AXSUSDT,long,4.757374,1.05,1.0315,1.0802,1.5,5.00,0,PAPER-1783198103851,paper,VWAP Scalper v1.3
2026-07-05,20:51:23,BitGet,BTCUSDT,short,0.00008,62729.00,63210.6,62006.6,1.5,5.02,0,PAPER-1783284683660,paper,VWAP Scalper v1.3
2026-07-05,20:51:24,BitGet,XRPUSDT,short,4.401021,1.14,1.1535,1.11,1.5,5.00,0,PAPER-1783284684022,paper,VWAP Scalper v1.3
2026-07-07,10:18:59,BitGet,BTCUSDT,long,0.000079,63412.50,62584.5286,64654.4571,1.5,5.01,0,PAPER-1783419539951,paper,VWAP Scalper v1.3
2026-07-07,10:19:00,BitGet,ETHUSDT,long,0.002805,1782.58,1753.8371,1825.6943,1.5,5.00,0,PAPER-1783419540127,paper,VWAP Scalper v1.3
2026-07-07,20:51:07,BitGet,APTUSDT,long,7.833307,0.64,0.6223,0.6623,1.5,5.00,0,PAPER-1783457467470,paper,VWAP Scalper v1.3
2026-07-07,21:27:28,BitGet,APTUSDT,long,7.824726,0.64,0.623,0.663,1.5,5.00,0,PAPER-1783459648765,paper,VWAP Scalper v1.3
2026-07-08,14:15:00,BitGet,XPLUSDT,short,53.590568,0.09,0.0981,0.0861,1.5,5.00,0,PAPER-1783520100406,paper,VWAP Scalper v1.3
2026-07-09,00:15:29,BitGet,BTCUSDT,short,0.00008,62185.80,63014.2,60943.2,1.5,4.97,0,PAPER-1783556129307,paper,VWAP Scalper v1.3
2026-07-09,00:15:29,BitGet,XRPUSDT,short,4.588419,1.09,1.1073,1.0633,1.5,5.00,0,PAPER-1783556129671,paper,VWAP Scalper v1.3
2026-07-09,00:15:29,BitGet,LINKUSDT,short,0.656082,7.62,7.7629,7.4081,1.5,5.00,0,PAPER-1783556129793,paper,VWAP Scalper v1.3
2026-07-09,00:15:29,BitGet,HYPEUSDT,short,0.074172,67.41,69.0985,64.8798,1.5,5.00,0,PAPER-1783556129908,paper,VWAP Scalper v1.3
2026-07-09,00:15:30,BitGet,VIRTUALUSDT,short,9.558402,0.52,0.5348,0.5056,1.5,5.00,0,PAPER-1783556130028,paper,VWAP Scalper v1.3
2026-07-09,00:15:30,BitGet,APTUSDT,short,8.126117,0.62,0.6349,0.586,1.49,5.00,0,PAPER-1783556130149,paper,VWAP Scalper v1.3
2026-07-09,00:15:30,BitGet,ONDOUSDT,short,15.873016,0.32,0.3226,0.3035,1.51,5.00,0,PAPER-1783556130267,paper,VWAP Scalper v1.3
2026-07-09,02:42:52,BitGet,XRPUSDT,short,4.605324,1.09,1.1044,1.0577,1.5,5.00,0,PAPER-1783564972951,paper,VWAP Scalper v1.3
2026-07-09,02:42:53,BitGet,LINKUSDT,short,0.657895,7.60,7.7495,7.3758,1.5,5.00,0,PAPER-1783564973201,paper,VWAP Scalper v1.3
2026-07-09,02:42:53,BitGet,APTUSDT,short,8.072328,0.62,0.6398,0.5889,1.5,5.00,0,PAPER-1783564973746,paper,VWAP Scalper v1.3
2026-07-09,20:43:58,BitGet,APTUSDT,long,7.979572,0.63,0.6094,0.6523,1.49,5.00,0,PAPER-1783629838685,paper,VWAP Scalper v1.3
2026-07-10,05:49:11,BitGet,JUPUSDT,short,23.496241,0.21,0.2201,0.2019,1.49,5.00,0,PAPER-1783662551167,paper,VWAP Scalper v1.3
2026-07-10,21:09:27,BitGet,ETHUSDT,long,0.002792,1791.09,1767.8236,1825.9896,1.5,5.00,0,PAPER-1783717767711,paper,VWAP Scalper v1.3
2026-07-10,21:09:28,BitGet,LINKUSDT,long,0.631393,7.92,7.8082,8.0852,1.5,5.00,0,PAPER-1783717768254,paper,VWAP Scalper v1.3
2026-07-10,21:09:29,BitGet,ONDOUSDT,long,15.342129,0.33,0.3198,0.335,1.49,5.00,0,PAPER-1783717769051,paper,VWAP Scalper v1.3
2026-07-10,22:55:31,BitGet,XRPUSDT,long,4.52284,1.11,1.0921,1.1255,1.49,5.00,0,PAPER-1783724131503,paper,VWAP Scalper v1.3
2026-07-10,23:54:24,BitGet,APTUSDT,long,7.947862,0.63,0.6166,0.6479,1.5,5.00,0,PAPER-1783727664546,paper,VWAP Scalper v1.3
2026-07-13,15:41:21,BitGet,APTUSDT,short,8.336112,0.60,0.6126,0.5806,1.5,5.00,0,PAPER-1783957281650,paper,VWAP Scalper v1.3
2026-07-13,23:48:24,BitGet,EIGENUSDT,long,20.807324,0.24,0.2314,0.2536,1.49,5.00,0,PAPER-1783986504624,paper,VWAP Scalper v1.3
2026-07-14,07:00:27,BitGet,ETHUSDT,short,0.002806,1781.90,1807.2043,1743.9436,1.5,5.00,0,PAPER-1784012426999,paper,VWAP Scalper v1.3
2026-07-14,17:33:19,BitGet,COAIUSDT,long,15.847861,0.32,0.3045,0.3319,1.49,5.00,0,PAPER-1784050399648,paper,VWAP Scalper v1.3
2026-07-14,17:58:43,BitGet,COAIUSDT,long,15.782828,0.32,0.3055,0.3337,1.5,5.00,0,PAPER-1784051923055,paper,VWAP Scalper v1.3
2026-07-14,22:13:24,BitGet,INJUSDT,long,1.002607,4.99,4.8656,5.1691,1.5,5.00,0,PAPER-1784067204009,paper,VWAP Scalper v1.3
2026-07-15,07:03:57,BitGet,XRPUSDT,long,4.518344,1.11,1.0904,1.131,1.51,5.00,0,PAPER-1784099037795,paper,VWAP Scalper v1.3
2026-07-16,02:22:35,BitGet,ETHUSDT,long,0.002605,1919.33,1887.9329,1966.4257,1.5,5.00,0,PAPER-1784168555262,paper,VWAP Scalper v1.3
2026-07-16,02:22:35,BitGet,XRPUSDT,long,4.493574,1.11,1.0973,1.1358,1.5,5.00,0,PAPER-1784168555628,paper,VWAP Scalper v1.3
2026-07-16,02:22:36,BitGet,APTUSDT,long,8.011537,0.62,0.6123,0.6418,1.5,5.00,0,PAPER-1784168556395,paper,VWAP Scalper v1.3
2026-07-16,04:46:49,BitGet,ETHUSDT,long,0.002606,1918.86,1888.6293,1964.2061,1.5,5.00,0,PAPER-1784177209660,paper,VWAP Scalper v1.3
2026-07-16,07:12:20,BitGet,BTCUSDT,long,0.000077,64666.60,63978.4071,65698.8893,1.5,4.98,0,PAPER-1784185940955,paper,VWAP Scalper v1.3
2026-07-16,13:56:34,BitGet,XRPUSDT,long,4.510193,1.11,1.0928,1.1323,1.5,5.00,0,PAPER-1784210194486,paper,VWAP Scalper v1.3
2026-07-17,02:25:39,BitGet,ONDOUSDT,long,13.605442,0.37,0.353,0.3893,1.5,5.00,0,PAPER-1784255139008,paper,VWAP Scalper v1.3
2026-07-17,07:07:14,BitGet,ONDOUSDT,long,13.627691,0.37,0.3516,0.3899,1.5,5.00,0,PAPER-1784272034977,paper,VWAP Scalper v1.3
2026-07-17,21:00:22,BitGet,ONDOUSDT,long,13.419216,0.37,0.3564,0.3969,1.5,5.00,0,PAPER-1784322022455,paper,VWAP Scalper v1.3
2026-07-18,01:53:15,BitGet,XRPUSDT,short,4.594744,1.09,1.1014,1.0683,1.51,5.00,0,PAPER-1784339595188,paper,VWAP Scalper v1.3
2026-07-18,20:39:56,BitGet,ONDOUSDT,short,14.2572,0.35,0.3651,0.3291,1.5,5.00,0,PAPER-1784407196379,paper,VWAP Scalper v1.3
2026-07-20,03:34:09,BitGet,VIRTUALUSDT,short,8.173941,0.61,0.6247,0.5922,1.5,5.00,0,PAPER-1784518449688,paper,VWAP Scalper v1.3
2026-07-21,19:58:40,BitGet,APTUSDT,long,8.160601,0.61,0.6013,0.6299,1.51,5.00,0,PAPER-1784663920664,paper,VWAP Scalper v1.3
2026-07-22,02:24:52,BitGet,XRPUSDT,long,4.366812,1.15,1.1296,1.1681,1.5,5.00,0,PAPER-1784687092889,paper,VWAP Scalper v1.3
2026-07-22,02:24:53,BitGet,APTUSDT,long,8.183306,0.61,0.5999,0.6277,1.5,5.00,0,PAPER-1784687093886,paper,VWAP Scalper v1.3
2026-07-25,02:04:11,BitGet,JUPUSDT,short,26.795284,0.19,0.1903,0.1811,1.49,5.00,0,PAPER-1784945051636,paper,VWAP Scalper v1.3
2026-07-25,06:11:04,BitGet,XRPUSDT,short,4.582531,1.09,1.1021,1.0746,1.5,5.00,0,PAPER-1784959864624,paper,VWAP Scalper v1.3
2026-07-25,16:50:42,BitGet,JUPUSDT,short,26.88172,0.19,0.1893,0.1811,1.48,5.00,0,PAPER-1784998242743,paper,VWAP Scalper v1.3
2026-07-26,06:31:29,BitGet,JUPUSDT,long,26.795284,0.19,0.1839,0.1906,1.48,5.00,0,PAPER-1785047489752,paper,VWAP Scalper v1.3
2026-07-26,13:05:43,BitGet,HYPEUSDT,long,0.085393,58.55,57.7429,59.7682,1.5,5.00,0,PAPER-1785071143906,paper,VWAP Scalper v1.3
2026-07-27,10:32:17,BitGet,XRPUSDT,long,4.512228,1.11,1.0999,1.1205,1.51,5.00,0,PAPER-1785148337209,paper,VWAP Scalper v1.3
2026-07-28,11:58:44,BitGet,BCHUSDT,short,0.023497,212.79,216.6729,206.9657,1.5,5.00,0,PAPER-1785239924199,paper,VWAP Scalper v1.3
2026-07-28,22:53:48,BitGet,HYPEUSDT,short,0.090873,55.02,56.2576,53.1685,1.5,5.00,0,PAPER-1785279228748,paper,VWAP Scalper v1.3
2026-07-28,23:54:32,BitGet,HYPEUSDT,short,0.090742,55.10,56.3729,53.1931,1.5,5.00,0,PAPER-1785282872709,paper,VWAP Scalper v1.3
2026-07-29,12:02:09,BitGet,VIRTUALUSDT,short,8.915835,0.56,0.5738,0.5412,1.51,5.00,0,PAPER-1785326529457,paper,VWAP Scalper v1.3
2026-07-30,04:43:05,BitGet,ETHUSDT,short,0.002627,1903.28,1934.705,1856.1425,1.5,5.00,0,PAPER-1785386585618,paper,VWAP Scalper v1.3
2026-07-30,04:43:05,BitGet,SOLUSDT,short,0.067998,73.53,74.6891,71.7964,1.5,5.00,0,PAPER-1785386585773,paper,VWAP Scalper v1.3
2026-07-30,04:43:06,BitGet,LINKUSDT,short,0.602265,8.30,8.4307,8.1089,1.5,5.00,0,PAPER-1785386586153,paper,VWAP Scalper v1.3
2026-07-30,07:24:51,BitGet,ETHUSDT,short,0.002625,1905.11,1936.8807,1857.4539,1.5,5.00,0,PAPER-1785396291000,paper,VWAP Scalper v1.3
2026-07-30,07:24:51,BitGet,LINKUSDT,short,0.602773,8.29,8.4266,8.0976,1.5,5.00,0,PAPER-1785396291367,paper,VWAP Scalper v1.3
2026-07-30,07:24:51,BitGet,HYPEUSDT,short,0.092883,53.83,55.0532,51.9977,1.5,5.00,0,PAPER-1785396291511,paper,VWAP Scalper v1.3
2026-07-30,20:00:16,BitGet,VIRTUALUSDT,long,8.733624,0.57,0.5622,0.588,1.5,5.00,0,PAPER-1785441616134,paper,VWAP Scalper v1.3
2026-07-30,21:15:36,BitGet,VIRTUALUSDT,long,8.727527,0.57,0.5624,0.5887,1.5,5.00,0,PAPER-1785446136906,paper,VWAP Scalper v1.3
2026-07-30,22:37:10,BitGet,VIRTUALUSDT,long,8.706251,0.57,0.5637,0.5903,1.51,5.00,0,PAPER-1785451030202,paper,VWAP Scalper v1.3
2026-07-30,22:58:59,BitGet,ONDOUSDT,long,11.996161,0.42,0.4036,0.4366,1.5,5.00,0,PAPER-1785452339413,paper,VWAP Scalper v1.3
2026-07-31,00:05:25,BitGet,XRPUSDT,long,4.61127,1.08,1.071,1.1043,1.5,5.00,0,PAPER-1785456325287,paper,VWAP Scalper v1.3
2026-07-31,00:05:26,BitGet,VIRTUALUSDT,long,8.73515,0.57,0.5624,0.5874,1.5,5.00,0,PAPER-1785456325914,paper,VWAP Scalper v1.3
2026-07-31,00:05:26,BitGet,JUPUSDT,long,25.627883,0.20,0.1908,0.2016,1.51,5.00,0,PAPER-1785456326433,paper,VWAP Scalper v1.3
2026-07-31,22:16:28,BitGet,JUPUSDT,short,25.853154,0.19,0.1972,0.1877,1.5,5.00,0,PAPER-1785536188211,paper,VWAP Scalper v1.3
2026-08-01,06:22:46,BitGet,XRPUSDT,short,4.698807,1.06,1.0742,1.049,1.5,5.00,0,PAPER-1785565366812,paper,VWAP Scalper v1.3
2026-08-02,16:52:19,BitGet,XRPUSDT,long,4.628772,1.08,1.0711,1.0939,1.51,5.00,0,PAPER-1785689538987,paper,VWAP Scalper v1.3
2026-08-02,16:52:19,BitGet,LINKUSDT,long,0.60423,8.28,8.161,8.446,1.5,5.00,0,PAPER-1785689539127,paper,VWAP Scalper v1.3
2026-08-02,16:52:19,BitGet,VIRTUALUSDT,long,8.915835,0.56,0.552,0.574,1.5,5.00,0,PAPER-1785689539478,paper,VWAP Scalper v1.3
2026-08-02,20:45:10,BitGet,ONDOUSDT,short,12.903226,0.39,0.3947,0.3767,1.5,5.00,0,PAPER-1785703510108,paper,VWAP Scalper v1.3
2026-08-03,05:25:51,BitGet,VIRTUALUSDT,long,8.90472,0.56,0.553,0.5743,1.51,5.00,0,PAPER-1785734751847,paper,VWAP Scalper v1.3
2026-08-04,02:12:28,BitGet,XRPUSDT,long,4.644682,1.08,1.0649,1.0939,1.5,5.00,0,PAPER-1785809548459,paper,VWAP Scalper v1.3
2026-08-04,04:50:55,BitGet,JUPUSDT,long,25.799794,0.19,0.1909,0.1981,1.48,5.00,0,PAPER-1785819055435,paper,VWAP Scalper v1.3
2026-08-04,21:15:23,BitGet,HYPEUSDT,long,0.090442,55.28,54.3136,56.7395,1.5,5.00,0,PAPER-1785878123363,paper,VWAP Scalper v1.3
2026-08-04,22:36:25,BitGet,HYPEUSDT,long,0.0907,55.13,54.1404,56.6069,1.5,5.00,0,PAPER-1785882985396,paper,VWAP Scalper v1.3
2026-08-04,22:56:48,BitGet,HYPEUSDT,long,0.090622,55.17,54.1873,56.6541,1.5,5.00,0,PAPER-1785884208629,paper,VWAP Scalper v1.3
2026-08-05,12:00:22,BitGet,DOGEUSDT,short,71.622977,0.07,0.0704,0.0689,1.54,5.00,0,PAPER-1785931222955,paper,VWAP Scalper v1.3
2026-08-05,20:06:10,BitGet,JUPUSDT,short,26.595745,0.19,0.1909,0.1837,1.48,5.00,0,PAPER-1785960370251,paper,VWAP Scalper v1.3
2026-08-05,22:52:21,BitGet,JUPUSDT,short,26.595745,0.19,0.191,0.1835,1.5,5.00,0,PAPER-1785970341870,paper,VWAP Scalper v1.3
2026-08-06,04:51:27,BitGet,BTCUSDT,long,0.000077,64618.70,64090.2857,65411.3214,1.5,4.98,0,PAPER-1785991887400,paper,VWAP Scalper v1.3
2026-08-06,04:51:27,BitGet,ETHUSDT,long,0.002625,1905.02,1883.5107,1937.2839,1.5,5.00,0,PAPER-1785991887551,paper,VWAP Scalper v1.3
2026-08-06,04:51:28,BitGet,VIRTUALUSDT,long,8.835483,0.57,0.5567,0.5796,1.49,5.00,0,PAPER-1785991888172,paper,VWAP Scalper v1.3
2026-08-06,12:03:26,BitGet,XRPUSDT,short,4.768262,1.05,1.0599,1.0317,1.5,5.00,0,PAPER-1786017806165,paper,VWAP Scalper v1.3
2026-08-07,00:53:27,BitGet,ETHUSDT,long,0.002628,1902.66,1882.0514,1933.5729,1.5,5.00,0,PAPER-1786064007259,paper,VWAP Scalper v1.3
2026-08-07,00:53:27,BitGet,LINKUSDT,long,0.609607,8.20,8.0923,8.3666,1.5,5.00,0,PAPER-1786064007775,paper,VWAP Scalper v1.3
2026-08-07,01:28:13,BitGet,ETHUSDT,long,0.002626,1904.21,1883.45,1935.35,1.5,5.00,0,PAPER-1786066093090,paper,VWAP Scalper v1.3
2026-08-07,19:49:07,BitGet,VIRTUALUSDT,short,8.912656,0.56,0.5723,0.5441,1.5,5.00,0,PAPER-1786132147533,paper,VWAP Scalper v1.3
2026-08-08,01:06:45,BitGet,ETHUSDT,long,0.002613,1913.83,1895.7636,1940.9296,1.5,5.00,0,PAPER-1786151205120,paper,VWAP Scalper v1.3
2026-08-09,01:11:02,BitGet,ETHUSDT,long,0.002607,1918.00,1905.8593,1936.2111,1.5,5.00,0,PAPER-1786237862078,paper,VWAP Scalper v1.3
2026-08-09,01:11:02,BitGet,XRPUSDT,long,4.811856,1.04,1.0277,1.0561,1.49,5.00,0,PAPER-1786237862441,paper,VWAP Scalper v1.3
2026-08-09,04:57:48,BitGet,SOLUSDT,long,0.065847,75.93,75.184,77.059,1.5,5.00,0,PAPER-1786251468148,paper,VWAP Scalper v1.3
2026-08-10,03:41:07,BitGet,SOLUSDT,long,0.065166,76.73,75.8621,78.0244,1.5,5.00,0,PAPER-1786333267150,paper,VWAP Scalper v1.3
2026-08-10,13:56:02,BitGet,JUPUSDT,short,27.337343,0.18,0.186,0.1782,1.52,5.00,0,PAPER-1786370162316,paper,VWAP Scalper v1.3
2026-08-11,05:47:06,BitGet,HYPEUSDT,long,0.090321,55.36,54.4991,56.6463,1.5,5.00,0,PAPER-1786427226128,paper,VWAP Scalper v1.3
2026-08-11,06:41:43,BitGet,HYPEUSDT,long,0.09037,55.33,54.4687,56.6169,1.5,5.00,0,PAPER-1786430503956,paper,VWAP Scalper v1.3
2026-08-12,01:42:04,BitGet,HYPEUSDT,short,0.092005,54.34,55.2767,52.9474,1.5,5.00,0,PAPER-1786498924578,paper,VWAP Scalper v1.3
2026-08-12,03:50:32,BitGet,ONDOUSDT,short,14.880952,0.34,0.3422,0.3267,1.5,5.00,0,PAPER-1786506632498,paper,VWAP Scalper v1.3
2026-08-12,03:52:22,BitGet,ONDOUSDT,short,14.894251,0.34,0.3419,0.3264,1.5,5.00,0,PAPER-1786506742771,paper,VWAP Scalper v1.3
2026-08-12,07:02:21,BitGet,BTCUSDT,short,0.000078,63705.50,64177.1071,62998.0893,1.5,4.97,0,PAPER-1786518141465,paper,VWAP Scalper v1.3
2026-08-12,07:02:22,BitGet,VIRTUALUSDT,short,9.304057,0.54,0.5474,0.5223,1.51,5.00,0,PAPER-1786518142207,paper,VWAP Scalper v1.3
2026-08-13,03:54:27,BitGet,VIRTUALUSDT,long,8.368201,0.60,0.5807,0.6226,1.49,5.00,0,PAPER-1786593267116,paper,VWAP Scalper v1.3
2026-08-13,03:56:09,BitGet,LINKUSDT,long,0.573987,8.71,8.5679,8.9256,1.5,5.00,0,PAPER-1786593369194,paper,VWAP Scalper v1.3
2026-08-13,03:56:09,BitGet,VIRTUALUSDT,long,8.366801,0.60,0.5808,0.6227,1.49,5.00,0,PAPER-1786593369573,paper,VWAP Scalper v1.3
2026-08-13,08:11:33,BitGet,ONDOUSDT,short,14.961101,0.33,0.3392,0.3267,1.5,5.00,0,PAPER-1786608693722,paper,VWAP Scalper v1.3
2026-08-13,09:31:44,BitGet,ONDOUSDT,short,14.97006,0.33,0.3391,0.3263,1.51,5.00,0,PAPER-1786613504674,paper,VWAP Scalper v1.3
2026-08-13,10:42:17,BitGet,APTUSDT,short,8.863677,0.56,0.5715,0.553,1.5,5.00,0,PAPER-1786617737649,paper,VWAP Scalper v1.3
2026-08-13,10:42:17,BitGet,ONDOUSDT,short,14.974543,0.33,0.3391,0.3262,1.48,5.00,0,PAPER-1786617737911,paper,VWAP Scalper v1.3
2026-08-13,11:01:13,BitGet,APTUSDT,short,8.860535,0.56,0.5717,0.5532,1.5,5.00,0,PAPER-1786618873378,paper,VWAP Scalper v1.3
2026-08-13,13:57:29,BitGet,AVAXUSDT,long,0.769941,6.49,6.3681,6.6829,1.5,5.00,0,PAPER-1786629449767,paper,VWAP Scalper v1.3
2026-08-13,14:19:45,BitGet,AVAXUSDT,long,0.77006,6.49,6.3671,6.6819,1.5,5.00,0,PAPER-1786630785653,paper,VWAP Scalper v1.3
2026-08-14,10:30:00,BitGet,LINKUSDT,long,0.567601,8.81,8.6876,8.9911,1.5,5.00,0,PAPER-1786703400125,paper,VWAP Scalper v1.3
2026-08-14,18:46:07,BitGet,APTUSDT,short,9.214891,0.54,0.5508,0.5304,1.49,5.00,0,PAPER-1786733167715,paper,VWAP Scalper v1.3
2026-08-14,19:43:53,BitGet,BTCUSDT,short,0.000079,62956.90,63441.9,62229.4,1.5,4.97,0,PAPER-1786736633561,paper,VWAP Scalper v1.3
2026-08-14,23:15:36,BitGet,BTCUSDT,short,0.000079,62920.20,63339.4714,62291.2929,1.5,4.97,0,PAPER-1786749336174,paper,VWAP Scalper v1.3
2026-08-15,08:19:45,BitGet,BTCUSDT,short,0.000079,63038.20,63421.0357,62463.9464,1.5,4.98,0,PAPER-1786781985022,paper,VWAP Scalper v1.3
2026-08-15,08:19:45,BitGet,XRPUSDT,short,4.986536,1.00,1.0109,0.9905,1.49,5.00,0,PAPER-1786781985360,paper,VWAP Scalper v1.3
2026-08-15,16:16:20,BitGet,ONDOUSDT,short,15.29052,0.33,0.3319,0.3197,1.49,5.00,0,PAPER-1786810580662,paper,VWAP Scalper v1.3
2026-08-17,08:24:12,BitGet,XRPUSDT,short,5.002501,1.00,1.0053,0.9908,1.5,5.00,0,PAPER-1786955052525,paper,VWAP Scalper v1.3
2026-08-17,09:54:52,BitGet,SOLUSDT,short,0.06639,75.31,75.8613,74.4906,1.5,5.00,0,PAPER-1786960492004,paper,VWAP Scalper v1.3
2026-08-17,10:33:17,BitGet,XRPUSDT,short,5.005005,1.00,1.005,0.9899,1.52,5.00,0,PAPER-1786962797691,paper,VWAP Scalper v1.3
2026-08-17,14:42:31,BitGet,XRPUSDT,long,4.997002,1.00,0.9944,1.0099,1.5,5.00,0,PAPER-1786977751984,paper,VWAP Scalper v1.3
2026-08-17,16:30:56,BitGet,HYPEUSDT,long,0.084461,59.20,58.4286,60.3545,1.5,5.00,0,PAPER-1786984256667,paper,VWAP Scalper v1.3
2026-08-17,16:30:58,BitGet,NEARUSDT,long,3.059788,1.63,1.6146,1.6633,1.5,5.00,0,PAPER-1786984258528,paper,VWAP Scalper v1.3
2026-08-17,17:02:22,BitGet,HYPEUSDT,long,0.084551,59.14,58.3654,60.2919,1.5,5.00,0,PAPER-1786986142038,paper,VWAP Scalper v1.3
2026-08-17,18:32:01,BitGet,HYPEUSDT,long,0.084634,59.08,58.2867,60.2649,1.5,5.00,0,PAPER-1786991521497,paper,VWAP Scalper v1.3
2026-08-17,19:49:47,BitGet,ETHFIUSDT,long,9.960159,0.50,0.488,0.523,1.5,5.00,0,PAPER-1786996187739,paper,VWAP Scalper v1.3
2026-08-17,22:01:35,BitGet,LINKUSDT,long,0.527037,9.49,9.3585,9.6798,1.5,5.00,0,PAPER-1787004095004,paper,VWAP Scalper v1.3
2026-08-17,22:17:37,BitGet,LINKUSDT,long,0.527371,9.48,9.3525,9.6738,1.5,5.00,0,PAPER-1787005057689,paper,VWAP Scalper v1.3
2026-08-18,08:51:04,BitGet,VIRTUALUSDT,long,8.682063,0.58,0.5651,0.5921,1.5,5.00,0,PAPER-1787043064752,paper,VWAP Scalper v1.3
2026-08-18,09:22:56,BitGet,VIRTUALUSDT,long,8.680556,0.58,0.5651,0.5924,1.5,5.00,0,PAPER-1787044976691,paper,VWAP Scalper v1.3
2026-08-18,11:32:48,BitGet,LINKUSDT,long,0.528485,9.46,9.3261,9.6634,1.5,5.00,0,PAPER-1787052768121,paper,VWAP Scalper v1.3
2026-08-18,12:49:28,BitGet,LINKUSDT,short,0.529998,9.43,9.5654,9.237,1.5,5.00,0,PAPER-1787057368809,paper,VWAP Scalper v1.3
2026-08-19,02:31:06,BitGet,SOLUSDT,long,0.065053,76.86,76.0801,78.0298,1.5,5.00,0,PAPER-1787106666780,paper,VWAP Scalper v1.3
2026-08-19,03:35:22,BitGet,SOLUSDT,long,0.064989,76.94,76.1556,78.1065,1.5,5.00,0,PAPER-1787110522511,paper,VWAP Scalper v1.3
2026-08-19,05:18:14,BitGet,SOLUSDT,long,0.064998,76.93,76.211,77.9985,1.5,5.00,0,PAPER-1787116694001,paper,VWAP Scalper v1.3
2026-08-19,05:18:14,BitGet,XRPUSDT,long,4.9985,1.00,0.9918,1.0131,1.51,5.00,0,PAPER-1787116694135,paper,VWAP Scalper v1.3
2026-08-20,20:32:48,BitGet,VIRTUALUSDT,long,7.91515,0.63,0.6135,0.659,1.5,5.00,0,PAPER-1787257968943,paper,VWAP Scalper v1.3
2026-08-20,21:06:29,BitGet,VIRTUALUSDT,long,7.890169,0.63,0.6153,0.6613,1.5,5.00,0,PAPER-1787259989244,paper,VWAP Scalper v1.3
2026-08-20,21:06:31,BitGet,AAVEUSDT,long,0.051456,97.17,95.1036,100.2696,1.5,5.00,0,PAPER-1787259991487,paper,VWAP Scalper v1.3
2026-08-21,16:26:52,BitGet,NEARUSDT,long,2.650551,1.89,1.8245,1.9792,1.5,5.00,0,PAPER-1787329612114,paper,VWAP Scalper v1.3
2026-08-21,17:23:40,BitGet,NEARUSDT,long,2.657172,1.88,1.8193,1.9752,1.5,5.00,0,PAPER-1787333020953,paper,VWAP Scalper v1.3
2026-08-21,17:54:40,BitGet,NEARUSDT,long,2.635185,1.90,1.835,1.9909,1.5,5.00,0,PAPER-1787334880801,paper,VWAP Scalper v1.3
2026-08-22,00:52:03,BitGet,HYPEUSDT,long,0.066306,75.41,72.4407,79.8589,1.5,5.00,0,PAPER-1787359923725,paper,VWAP Scalper v1.3
2026-08-22,12:24:45,BitGet,LINKUSDT,long,0.421301,11.87,11.3402,12.6597,1.5,5.00,0,PAPER-1787401485710,paper,VWAP Scalper v1.3
2026-08-22,12:24:45,BitGet,HYPEUSDT,long,0.063755,78.42,74.5834,84.1874,1.5,5.00,0,PAPER-1787401485866,paper,VWAP Scalper v1.3
2026-08-22,12:24:47,BitGet,UNIUSDT,long,1.185396,4.22,4.0109,4.5287,1.5,5.00,0,PAPER-1787401487764,paper,VWAP Scalper v1.3
2026-08-24,04:32:53,BitGet,JUPUSDT,long,23.685457,0.21,0.2004,0.2272,1.5,5.00,0,PAPER-1787545973938,paper,VWAP Scalper v1.3
